task,scenario,accuracy,sample_latency_average,accelerator_type,input_resolution,benchmark_model
Image Classification,Single-Stream,74.42,43.34425013,Hailo-8,inputResolution:432,resnet101_w1_0
Image Classification,Single-Stream,59.22,4.55182184,Hailo-8,inputResolution:432,mobilenetv2_w1_0
Image Classification,Single-Stream,72.32,15.27144727,Hailo-8,inputResolution:432,resnet50_w1_0
Image Classification,Single-Stream,59.23,4.579708984,Hailo-8,inputResolution:448,mobilenetv2_w1_0
Image Classification,Single-Stream,73.5,44.52570155,Hailo-8,inputResolution:448,resnet101_w1_0
Image Classification,Single-Stream,71.98,15.21725651,Hailo-8,inputResolution:448,resnet50_w1_0
Image Classification,Single-Stream,61.09,4.438252285,Hailo-8,inputResolution:416,mobilenetv2_w1_0
Image Classification,Single-Stream,75.6,42.47795812,Hailo-8,inputResolution:416,resnet101_w1_0
Image Classification,Single-Stream,73.25,12.63654175,Hailo-8,inputResolution:400,resnet50_w1_0
Image Classification,Single-Stream,76.27,38.44954128,Hailo-8,inputResolution:368,resnet101_w1_0
Image Classification,Single-Stream,77.69,41.87949669,Hailo-8,inputResolution:320,resnet101_w1_0
Image Classification,Single-Stream,75.55,7.199365793,Hailo-8,inputResolution:272,resnet50_w1_0
Image Classification,Single-Stream,76.06,4.652277677,Hailo-8,inputResolution:256,resnet50_w1_0
Image Classification,Single-Stream,66.52,2.190724349,Hailo-8,inputResolution:240,mobilenetv2_w1_0
Image Classification,Single-Stream,77.41,36.38804929,Hailo-8,inputResolution:208,resnet101_w1_0
Image Classification,Single-Stream,73.04,15.09645479,Hailo-8,inputResolution:416,resnet50_w1_0
Image Classification,Single-Stream,75.89,43.20858355,Hailo-8,inputResolution:400,resnet101_w1_0
Image Classification,Single-Stream,64.37,3.598661464,Hailo-8,inputResolution:336,mobilenetv2_w1_0
Image Classification,Single-Stream,77.06,39.52174526,Hailo-8,inputResolution:336,resnet101_w1_0
Image Classification,Single-Stream,78.33,41.46434819,Hailo-8,inputResolution:256,resnet101_w1_0
Image Classification,Single-Stream,67.78,2.063938614,Hailo-8,inputResolution:224,mobilenetv2_w1_0
Image Classification,Single-Stream,79.21,40.3909452,Hailo-8,inputResolution:224,resnet101_w1_0
Image Classification,Single-Stream,76.94,4.218466388,Hailo-8,inputResolution:224,resnet50_w1_0
Image Classification,Single-Stream,75.38,3.937355282,Hailo-8,inputResolution:208,resnet50_w1_0
Image Classification,Single-Stream,63.24,3.894416585,Hailo-8,inputResolution:384,mobilenetv2_w1_0
Image Classification,Single-Stream,73.94,11.23702521,Hailo-8,inputResolution:384,resnet50_w1_0
Image Classification,Single-Stream,74.13,10.60068709,Hailo-8,inputResolution:368,resnet50_w1_0
Image Classification,Single-Stream,75.21,5.84603684,Hailo-8,inputResolution:320,resnet50_w1_0
Image Classification,Single-Stream,66.54,3.053083516,Hailo-8,inputResolution:288,mobilenetv2_w1_0
Image Classification,Single-Stream,77.75,37.10162036,Hailo-8,inputResolution:288,resnet101_w1_0
Image Classification,Single-Stream,66.13,3.011676912,Hailo-8,inputResolution:272,mobilenetv2_w1_0
Image Classification,Single-Stream,78.05,40.98676703,Hailo-8,inputResolution:272,resnet101_w1_0
Image Classification,Single-Stream,78.29,40.64725793,Hailo-8,inputResolution:240,resnet101_w1_0
Image Classification,Single-Stream,75.78,4.456121764,Hailo-8,inputResolution:240,resnet50_w1_0
Image Classification,Single-Stream,65.1,2.091299419,Hailo-8,inputResolution:208,mobilenetv2_w1_0
Image Classification,Single-Stream,61.71,4.394939173,Hailo-8,inputResolution:400,mobilenetv2_w1_0
Image Classification,Single-Stream,76.45,46.48687117,Hailo-8,inputResolution:384,resnet101_w1_0
Image Classification,Single-Stream,63.48,3.870734224,Hailo-8,inputResolution:368,mobilenetv2_w1_0
Image Classification,Single-Stream,64.7,3.686675467,Hailo-8,inputResolution:352,mobilenetv2_w1_0
Image Classification,Single-Stream,77.19,42.19670378,Hailo-8,inputResolution:352,resnet101_w1_0
Image Classification,Single-Stream,74.71,10.35262594,Hailo-8,inputResolution:352,resnet50_w1_0
Image Classification,Single-Stream,74.87,9.275794027,Hailo-8,inputResolution:336,resnet50_w1_0
Image Classification,Single-Stream,65.56,3.294773334,Hailo-8,inputResolution:320,mobilenetv2_w1_0
Image Classification,Single-Stream,65.8,3.326617006,Hailo-8,inputResolution:304,mobilenetv2_w1_0
Image Classification,Single-Stream,78.1,41.83640383,Hailo-8,inputResolution:304,resnet101_w1_0
Image Classification,Single-Stream,75.37,7.501052719,Hailo-8,inputResolution:304,resnet50_w1_0
Image Classification,Single-Stream,75.29,6.883395866,Hailo-8,inputResolution:288,resnet50_w1_0
Image Classification,Single-Stream,66.54,2.271915772,Hailo-8,inputResolution:256,mobilenetv2_w1_0
Image Classification,Single-Stream,64.82,2.012563564,Hailo-8,inputResolution:192,mobilenetv2_w1_0
Image Classification,Single-Stream,72.02,3.409273696,Hailo-8,inputResolution:160,resnet50_w1_0
Image Classification,Single-Stream,72.54,39.71849223,Hailo-8,inputResolution:144,resnet101_w1_0
Image Classification,Single-Stream,77.13,39.84430224,Hailo-8,inputResolution:192,resnet101_w1_0
Image Classification,Single-Stream,73.47,3.604127169,Hailo-8,inputResolution:176,resnet50_w1_0
Image Classification,Single-Stream,58.79,1.816652804,Hailo-8,inputResolution:144,mobilenetv2_w1_0
Image Classification,Single-Stream,48.42,1.351738583,Hailo-8,inputResolution:112,mobilenetv2_w1_0
Image Classification,Single-Stream,63.93,1.974331688,Hailo-8,inputResolution:176,mobilenetv2_w1_0
Image Classification,Single-Stream,75.97,39.69135931,Hailo-8,inputResolution:176,resnet101_w1_0
Image Classification,Single-Stream,53.96,1.356433811,Hailo-8,inputResolution:128,mobilenetv2_w1_0
Image Classification,Single-Stream,74.54,3.520207552,Hailo-8,inputResolution:192,resnet50_w1_0
Image Classification,Single-Stream,61.53,1.905683025,Hailo-8,inputResolution:160,mobilenetv2_w1_0
Image Classification,Single-Stream,74.85,39.43656505,Hailo-8,inputResolution:160,resnet101_w1_0
Image Classification,Single-Stream,69.76,3.120916689,Hailo-8,inputResolution:144,resnet50_w1_0
Image Classification,Single-Stream,69.76,39.64823973,Hailo-8,inputResolution:128,resnet101_w1_0
Image Classification,Single-Stream,66.47,2.420682742,Hailo-8,inputResolution:128,resnet50_w1_0
Image Classification,Single-Stream,65.02,39.21659887,Hailo-8,inputResolution:112,resnet101_w1_0
Image Classification,Single-Stream,29.25,1.263719249,Hailo-8,inputResolution:80,mobilenetv2_w1_0
Image Classification,Single-Stream,56.67,39.27524108,Hailo-8,inputResolution:96,resnet101_w1_0
Image Classification,Single-Stream,46.29,35.40232683,Hailo-8,inputResolution:80,resnet101_w1_0
Image Classification,Single-Stream,39.5,1.299276715,Hailo-8,inputResolution:96,mobilenetv2_w1_0
Image Classification,Single-Stream,53.84,2.23119103,Hailo-8,inputResolution:96,resnet50_w1_0
Image Classification,Single-Stream,62.18,2.495349153,Hailo-8,inputResolution:112,resnet50_w1_0
Image Classification,Single-Stream,43.62,2.266867668,Hailo-8,inputResolution:80,resnet50_w1_0
Image Classification,Single-Stream,16.59,1.098134326,Hailo-8,inputResolution:64,mobilenetv2_w1_0
Image Classification,Single-Stream,31.39,39.40220477,Hailo-8,inputResolution:64,resnet101_w1_0
Image Classification,Single-Stream,28.43,1.833080827,Hailo-8,inputResolution:64,resnet50_w1_0
Image Classification,Single-Stream,6.78,1.009295034,Hailo-8,inputResolution:48,mobilenetv2_w1_0
Image Classification,Single-Stream,13.8,1.775200055,Hailo-8,inputResolution:48,resnet50_w1_0
Image Classification,Single-Stream,15.65,38.76119826,Hailo-8,inputResolution:48,resnet101_w1_0
Image Classification,Single-Stream,74.2,6.044608778,Apple M4 ANE,inputResolution:448,resnet101_w1_0
Image Classification,Single-Stream,72.07,3.790124559,Apple M4 ANE,inputResolution:448,resnet50_w1_0
Image Classification,Single-Stream,59.45,1.576950567,Apple M4 ANE,inputResolution:448,mobilenetv2_w1_0
Image Classification,Single-Stream,74.81,6.025603706,Apple M4 ANE,inputResolution:432,resnet101_w1_0
Image Classification,Single-Stream,72.58,3.755241782,Apple M4 ANE,inputResolution:432,resnet50_w1_0
Image Classification,Single-Stream,59.49,1.515975903,Apple M4 ANE,inputResolution:432,mobilenetv2_w1_0
Image Classification,Single-Stream,75.52,5.77330016,Apple M4 ANE,inputResolution:416,resnet101_w1_0
Image Classification,Single-Stream,73.2,3.551474145,Apple M4 ANE,inputResolution:416,resnet50_w1_0
Image Classification,Single-Stream,61.15,1.383539294,Apple M4 ANE,inputResolution:416,mobilenetv2_w1_0
Image Classification,Single-Stream,76.03,5.781322849,Apple M4 ANE,inputResolution:400,resnet101_w1_0
Image Classification,Single-Stream,73.44,3.53505763,Apple M4 ANE,inputResolution:400,resnet50_w1_0
Image Classification,Single-Stream,61.62,1.33280187,Apple M4 ANE,inputResolution:400,mobilenetv2_w1_0
Image Classification,Single-Stream,76.36,4.617979504,Apple M4 ANE,inputResolution:384,resnet101_w1_0
Image Classification,Single-Stream,74.22,2.874897131,Apple M4 ANE,inputResolution:384,resnet50_w1_0
Image Classification,Single-Stream,63.25,1.184215603,Apple M4 ANE,inputResolution:384,mobilenetv2_w1_0
Image Classification,Single-Stream,76.91,4.681348729,Apple M4 ANE,inputResolution:368,resnet101_w1_0
Image Classification,Single-Stream,74.29,2.942067469,Apple M4 ANE,inputResolution:368,resnet50_w1_0
Image Classification,Single-Stream,63.62,1.107397434,Apple M4 ANE,inputResolution:368,mobilenetv2_w1_0
Image Classification,Single-Stream,76.95,4.475529179,Apple M4 ANE,inputResolution:352,resnet101_w1_0
Image Classification,Single-Stream,75.17,2.763655802,Apple M4 ANE,inputResolution:352,resnet50_w1_0
Image Classification,Single-Stream,65.06,0.990917067,Apple M4 ANE,inputResolution:352,mobilenetv2_w1_0
Image Classification,Single-Stream,77.46,4.713484396,Apple M4 ANE,inputResolution:336,resnet101_w1_0
Image Classification,Single-Stream,75.04,2.824248972,Apple M4 ANE,inputResolution:336,resnet50_w1_0
Image Classification,Single-Stream,64.65,0.954883625,Apple M4 ANE,inputResolution:336,mobilenetv2_w1_0
Image Classification,Single-Stream,77.54,3.79662242,Apple M4 ANE,inputResolution:320,resnet101_w1_0
Image Classification,Single-Stream,75.36,2.330231078,Apple M4 ANE,inputResolution:320,resnet50_w1_0
Image Classification,Single-Stream,65.74,0.79316705,Apple M4 ANE,inputResolution:320,mobilenetv2_w1_0
Image Classification,Single-Stream,77.81,3.568498839,Apple M4 ANE,inputResolution:304,resnet101_w1_0
Image Classification,Single-Stream,75.46,2.254108654,Apple M4 ANE,inputResolution:304,resnet50_w1_0
Image Classification,Single-Stream,66.25,0.748143686,Apple M4 ANE,inputResolution:304,mobilenetv2_w1_0
Image Classification,Single-Stream,77.94,2.81855577,Apple M4 ANE,inputResolution:288,resnet101_w1_0
Image Classification,Single-Stream,75.47,1.859284172,Apple M4 ANE,inputResolution:288,resnet50_w1_0
Image Classification,Single-Stream,66.86,0.665836557,Apple M4 ANE,inputResolution:288,mobilenetv2_w1_0
Image Classification,Single-Stream,78.02,2.719281364,Apple M4 ANE,inputResolution:272,resnet101_w1_0
Image Classification,Single-Stream,75.78,1.899501074,Apple M4 ANE,inputResolution:272,resnet50_w1_0
Image Classification,Single-Stream,66.49,0.64735808,Apple M4 ANE,inputResolution:272,mobilenetv2_w1_0
Image Classification,Single-Stream,78.31,2.061771926,Apple M4 ANE,inputResolution:256,resnet101_w1_0
Image Classification,Single-Stream,75.81,1.491331282,Apple M4 ANE,inputResolution:256,resnet50_w1_0
Image Classification,Single-Stream,67.24,0.534785145,Apple M4 ANE,inputResolution:256,mobilenetv2_w1_0
Image Classification,Single-Stream,78.14,2.028623731,Apple M4 ANE,inputResolution:240,resnet101_w1_0
Image Classification,Single-Stream,66.64,0.483812226,Apple M4 ANE,inputResolution:240,mobilenetv2_w1_0
Image Classification,Single-Stream,75.81,1.469387703,Apple M4 ANE,inputResolution:240,resnet50_w1_0
Image Classification,Single-Stream,79.22,1.845703894,Apple M4 ANE,inputResolution:224,resnet101_w1_0
Image Classification,Single-Stream,76.91,1.251033608,Apple M4 ANE,inputResolution:224,resnet50_w1_0
Image Classification,Single-Stream,68.18,0.441078466,Apple M4 ANE,inputResolution:224,mobilenetv2_w1_0
Image Classification,Single-Stream,77.69,1.825329018,Apple M4 ANE,inputResolution:208,resnet101_w1_0
Image Classification,Single-Stream,75.52,1.248674414,Apple M4 ANE,inputResolution:208,resnet50_w1_0
Image Classification,Single-Stream,65.47,0.384418525,Apple M4 ANE,inputResolution:208,mobilenetv2_w1_0
Image Classification,Single-Stream,76.89,1.717468922,Apple M4 ANE,inputResolution:192,resnet101_w1_0
Image Classification,Single-Stream,74.78,1.164997706,Apple M4 ANE,inputResolution:192,resnet50_w1_0
Image Classification,Single-Stream,64.86,0.347390068,Apple M4 ANE,inputResolution:192,mobilenetv2_w1_0
Image Classification,Single-Stream,76.36,1.707727758,Apple M4 ANE,inputResolution:176,resnet101_w1_0
Image Classification,Single-Stream,73.54,1.146543885,Apple M4 ANE,inputResolution:176,resnet50_w1_0
Image Classification,Single-Stream,64.02,0.330961795,Apple M4 ANE,inputResolution:176,mobilenetv2_w1_0
Image Classification,Single-Stream,75.08,1.618596546,Apple M4 ANE,inputResolution:160,resnet101_w1_0
Image Classification,Single-Stream,72.39,1.057437067,Apple M4 ANE,inputResolution:160,resnet50_w1_0
Image Classification,Single-Stream,61.88,0.298983851,Apple M4 ANE,inputResolution:160,mobilenetv2_w1_0
Image Classification,Single-Stream,72.72,1.584875929,Apple M4 ANE,inputResolution:144,resnet101_w1_0
Image Classification,Single-Stream,70.18,1.025655007,Apple M4 ANE,inputResolution:144,resnet50_w1_0
Image Classification,Single-Stream,58.76,0.285133646,Apple M4 ANE,inputResolution:144,mobilenetv2_w1_0
Image Classification,Single-Stream,69.8,1.529208446,Apple M4 ANE,inputResolution:128,resnet101_w1_0
Image Classification,Single-Stream,66.9,0.965296085,Apple M4 ANE,inputResolution:128,resnet50_w1_0
Image Classification,Single-Stream,54.4,0.259886349,Apple M4 ANE,inputResolution:128,mobilenetv2_w1_0
Image Classification,Single-Stream,65.32,1.517835116,Apple M4 ANE,inputResolution:112,resnet101_w1_0
Image Classification,Single-Stream,62.48,0.956204836,Apple M4 ANE,inputResolution:112,resnet50_w1_0
Image Classification,Single-Stream,48.88,0.246567696,Apple M4 ANE,inputResolution:112,mobilenetv2_w1_0
Image Classification,Single-Stream,56.84,1.503412044,Apple M4 ANE,inputResolution:96,resnet101_w1_0
Image Classification,Single-Stream,54.12,0.940703803,Apple M4 ANE,inputResolution:96,resnet50_w1_0
Image Classification,Single-Stream,39.72,0.228593528,Apple M4 ANE,inputResolution:96,mobilenetv2_w1_0
Image Classification,Single-Stream,46.81,1.492190402,Apple M4 ANE,inputResolution:80,resnet101_w1_0
Image Classification,Single-Stream,43.77,0.930150259,Apple M4 ANE,inputResolution:80,resnet50_w1_0
Image Classification,Single-Stream,29.54,0.225840421,Apple M4 ANE,inputResolution:80,mobilenetv2_w1_0
Image Classification,Single-Stream,31.84,1.48651793,Apple M4 ANE,inputResolution:64,resnet101_w1_0
Image Classification,Single-Stream,29.18,0.918463044,Apple M4 ANE,inputResolution:64,resnet50_w1_0
Image Classification,Single-Stream,16.79,0.207715645,Apple M4 ANE,inputResolution:64,mobilenetv2_w1_0
Image Classification,Single-Stream,16.06,1.484788306,Apple M4 ANE,inputResolution:48,resnet101_w1_0
Image Classification,Single-Stream,14.04,0.923557133,Apple M4 ANE,inputResolution:48,resnet50_w1_0
Image Classification,Single-Stream,6.86,0.200884573,Apple M4 ANE,inputResolution:48,mobilenetv2_w1_0
Image Classification,Single-Stream,74.21,292.0220681,Apple M4 CPU,inputResolution:448,resnet101_w1_0
Image Classification,Single-Stream,72.05,165.3503953,Apple M4 CPU,inputResolution:448,resnet50_w1_0
Image Classification,Single-Stream,59.46,27.3510593,Apple M4 CPU,inputResolution:448,mobilenetv2_w1_0
Image Classification,Single-Stream,74.86,268.4661522,Apple M4 CPU,inputResolution:432,resnet101_w1_0
Image Classification,Single-Stream,72.64,158.6017893,Apple M4 CPU,inputResolution:432,resnet50_w1_0
Image Classification,Single-Stream,59.54,26.34015776,Apple M4 CPU,inputResolution:432,mobilenetv2_w1_0
Image Classification,Single-Stream,75.53,254.5718973,Apple M4 CPU,inputResolution:416,resnet101_w1_0
Image Classification,Single-Stream,73.21,146.2336676,Apple M4 CPU,inputResolution:416,resnet50_w1_0
Image Classification,Single-Stream,73.46,138.8837495,Apple M4 CPU,inputResolution:400,resnet50_w1_0
Image Classification,Single-Stream,76.91,202.6689722,Apple M4 CPU,inputResolution:368,resnet101_w1_0
Image Classification,Single-Stream,63.57,19.92204586,Apple M4 CPU,inputResolution:368,mobilenetv2_w1_0
Image Classification,Single-Stream,76.07,241.7067483,Apple M4 CPU,inputResolution:400,resnet101_w1_0
Image Classification,Single-Stream,74.22,123.7278268,Apple M4 CPU,inputResolution:384,resnet50_w1_0
Image Classification,Single-Stream,61.6,23.04139996,Apple M4 CPU,inputResolution:400,mobilenetv2_w1_0
Image Classification,Single-Stream,76.37,199.7460645,Apple M4 CPU,inputResolution:384,resnet101_w1_0
Image Classification,Single-Stream,63.23,21.49741419,Apple M4 CPU,inputResolution:384,mobilenetv2_w1_0
Image Classification,Single-Stream,61.12,23.91729309,Apple M4 CPU,inputResolution:416,mobilenetv2_w1_0
Image Classification,Single-Stream,74.25,116.841932,Apple M4 CPU,inputResolution:368,resnet50_w1_0
Image Classification,Single-Stream,76.95,182.150105,Apple M4 CPU,inputResolution:352,resnet101_w1_0
Image Classification,Single-Stream,65.04,18.69143362,Apple M4 CPU,inputResolution:352,mobilenetv2_w1_0
Image Classification,Single-Stream,77.49,173.1238262,Apple M4 CPU,inputResolution:336,resnet101_w1_0
Image Classification,Single-Stream,65.69,16.43690145,Apple M4 CPU,inputResolution:320,mobilenetv2_w1_0
Image Classification,Single-Stream,77.86,141.8474471,Apple M4 CPU,inputResolution:304,resnet101_w1_0
Image Classification,Single-Stream,75.47,76.37425416,Apple M4 CPU,inputResolution:288,resnet50_w1_0
Image Classification,Single-Stream,75.8,69.12717912,Apple M4 CPU,inputResolution:272,resnet50_w1_0
Image Classification,Single-Stream,75.17,108.5170204,Apple M4 CPU,inputResolution:352,resnet50_w1_0
Image Classification,Single-Stream,75.02,92.7711174,Apple M4 CPU,inputResolution:336,resnet50_w1_0
Image Classification,Single-Stream,77.53,151.8984293,Apple M4 CPU,inputResolution:320,resnet101_w1_0
Image Classification,Single-Stream,75.32,89.71024866,Apple M4 CPU,inputResolution:320,resnet50_w1_0
Image Classification,Single-Stream,78.33,100.7057351,Apple M4 CPU,inputResolution:256,resnet101_w1_0
Image Classification,Single-Stream,75.82,59.15757657,Apple M4 CPU,inputResolution:256,resnet50_w1_0
Image Classification,Single-Stream,78.16,96.7123501,Apple M4 CPU,inputResolution:240,resnet101_w1_0
Image Classification,Single-Stream,66.68,10.46329204,Apple M4 CPU,inputResolution:240,mobilenetv2_w1_0
Image Classification,Single-Stream,79.21,83.45658343,Apple M4 CPU,inputResolution:224,resnet101_w1_0
Image Classification,Single-Stream,76.88,48.10933557,Apple M4 CPU,inputResolution:224,resnet50_w1_0
Image Classification,Single-Stream,68.22,10.00484191,Apple M4 CPU,inputResolution:224,mobilenetv2_w1_0
Image Classification,Single-Stream,76.92,60.22615667,Apple M4 CPU,inputResolution:192,resnet101_w1_0
Image Classification,Single-Stream,74.79,35.46683722,Apple M4 CPU,inputResolution:192,resnet50_w1_0
Image Classification,Single-Stream,73.53,32.17768291,Apple M4 CPU,inputResolution:176,resnet50_w1_0
Image Classification,Single-Stream,66.52,12.80787554,Apple M4 CPU,inputResolution:272,mobilenetv2_w1_0
Image Classification,Single-Stream,64.82,7.876568419,Apple M4 CPU,inputResolution:192,mobilenetv2_w1_0
Image Classification,Single-Stream,72.4,25.82816481,Apple M4 CPU,inputResolution:160,resnet50_w1_0
Image Classification,Single-Stream,58.76,5.255850187,Apple M4 CPU,inputResolution:144,mobilenetv2_w1_0
Image Classification,Single-Stream,66.87,16.52139074,Apple M4 CPU,inputResolution:128,resnet50_w1_0
Image Classification,Single-Stream,54.45,4.115644202,Apple M4 CPU,inputResolution:128,mobilenetv2_w1_0
Image Classification,Single-Stream,39.67,3.002675832,Apple M4 CPU,inputResolution:96,mobilenetv2_w1_0
Image Classification,Single-Stream,31.73,8.803818194,Apple M4 CPU,inputResolution:64,resnet101_w1_0
Image Classification,Single-Stream,16.8,1.794276319,Apple M4 CPU,inputResolution:64,mobilenetv2_w1_0
Image Classification,Single-Stream,6.87,1.565758821,Apple M4 CPU,inputResolution:48,mobilenetv2_w1_0
Image Classification,Single-Stream,65.36,24.54948891,Apple M4 CPU,inputResolution:112,resnet101_w1_0
Image Classification,Single-Stream,62.46,14.40124953,Apple M4 CPU,inputResolution:112,resnet50_w1_0
Image Classification,Single-Stream,46.83,15.26063109,Apple M4 CPU,inputResolution:80,resnet101_w1_0
Image Classification,Single-Stream,43.82,9.451617673,Apple M4 CPU,inputResolution:80,resnet50_w1_0
Image Classification,Single-Stream,14.06,5.162018554,Apple M4 CPU,inputResolution:48,resnet50_w1_0
Image Classification,Single-Stream,75.49,84.83651539,Apple M4 CPU,inputResolution:304,resnet50_w1_0
Image Classification,Single-Stream,66.86,13.85874184,Apple M4 CPU,inputResolution:288,mobilenetv2_w1_0
Image Classification,Single-Stream,78.03,115.6968019,Apple M4 CPU,inputResolution:272,resnet101_w1_0
Image Classification,Single-Stream,64.63,17.11423044,Apple M4 CPU,inputResolution:336,mobilenetv2_w1_0
Image Classification,Single-Stream,66.2,15.4545101,Apple M4 CPU,inputResolution:304,mobilenetv2_w1_0
Image Classification,Single-Stream,77.95,127.4001373,Apple M4 CPU,inputResolution:288,resnet101_w1_0
Image Classification,Single-Stream,67.15,10.96653148,Apple M4 CPU,inputResolution:256,mobilenetv2_w1_0
Image Classification,Single-Stream,77.71,74.81839129,Apple M4 CPU,inputResolution:208,resnet101_w1_0
Image Classification,Single-Stream,75.54,43.65798446,Apple M4 CPU,inputResolution:208,resnet50_w1_0
Image Classification,Single-Stream,65.41,9.13590272,Apple M4 CPU,inputResolution:208,mobilenetv2_w1_0
Image Classification,Single-Stream,76.34,54.51054021,Apple M4 CPU,inputResolution:176,resnet101_w1_0
Image Classification,Single-Stream,61.85,5.904255063,Apple M4 CPU,inputResolution:160,mobilenetv2_w1_0
Image Classification,Single-Stream,72.72,39.08377562,Apple M4 CPU,inputResolution:144,resnet101_w1_0
Image Classification,Single-Stream,69.79,27.84578382,Apple M4 CPU,inputResolution:128,resnet101_w1_0
Image Classification,Single-Stream,48.95,3.706129387,Apple M4 CPU,inputResolution:112,mobilenetv2_w1_0
Image Classification,Single-Stream,75.81,55.37137088,Apple M4 CPU,inputResolution:240,resnet50_w1_0
Image Classification,Single-Stream,64.02,6.991798309,Apple M4 CPU,inputResolution:176,mobilenetv2_w1_0
Image Classification,Single-Stream,75.09,44.94718997,Apple M4 CPU,inputResolution:160,resnet101_w1_0
Image Classification,Single-Stream,70.19,23.05607506,Apple M4 CPU,inputResolution:144,resnet50_w1_0
Image Classification,Single-Stream,56.85,18.38452163,Apple M4 CPU,inputResolution:96,resnet101_w1_0
Image Classification,Single-Stream,54.12,11.20290451,Apple M4 CPU,inputResolution:96,resnet50_w1_0
Image Classification,Single-Stream,29.53,2.653326732,Apple M4 CPU,inputResolution:80,mobilenetv2_w1_0
Image Classification,Single-Stream,29.2,6.062563628,Apple M4 CPU,inputResolution:64,resnet50_w1_0
Image Classification,Single-Stream,16.08,7.997399052,Apple M4 CPU,inputResolution:48,resnet101_w1_0
Image Classification,Single-Stream,76.37,9.537740411,DeepX M1,inputResolution:384,resnet101_w1_0
Image Classification,Single-Stream,74.65,6.031136676,DeepX M1,inputResolution:384,resnet50_w1_0
Image Classification,Single-Stream,74.59,5.958812472,DeepX M1,inputResolution:368,resnet50_w1_0
Image Classification,Single-Stream,65.27,2.800923722,DeepX M1,inputResolution:352,mobilenetv2_w1_0
Image Classification,Single-Stream,74.16,13.10873459,DeepX M1,inputResolution:448,resnet101_w1_0
Image Classification,Single-Stream,72.78,7.584651858,DeepX M1,inputResolution:432,resnet50_w1_0
Image Classification,Single-Stream,59.74,3.903011584,DeepX M1,inputResolution:432,mobilenetv2_w1_0
Image Classification,Single-Stream,73.81,6.723432914,DeepX M1,inputResolution:400,resnet50_w1_0
Image Classification,Single-Stream,76.58,9.576810116,DeepX M1,inputResolution:368,resnet101_w1_0
Image Classification,Single-Stream,63.89,3.126508396,DeepX M1,inputResolution:368,mobilenetv2_w1_0
Image Classification,Single-Stream,76.74,8.299807391,DeepX M1,inputResolution:352,resnet101_w1_0
Image Classification,Single-Stream,75.56,4.668076335,DeepX M1,inputResolution:320,resnet50_w1_0
Image Classification,Single-Stream,60.06,3.740083536,DeepX M1,inputResolution:448,mobilenetv2_w1_0
Image Classification,Single-Stream,74.99,12.32627315,DeepX M1,inputResolution:432,resnet101_w1_0
Image Classification,Single-Stream,75.62,11.05360253,DeepX M1,inputResolution:416,resnet101_w1_0
Image Classification,Single-Stream,73.5,6.955761512,DeepX M1,inputResolution:416,resnet50_w1_0
Image Classification,Single-Stream,61.62,3.547002943,DeepX M1,inputResolution:416,mobilenetv2_w1_0
Image Classification,Single-Stream,61.84,3.482215244,DeepX M1,inputResolution:400,mobilenetv2_w1_0
Image Classification,Single-Stream,75.43,5.325100226,DeepX M1,inputResolution:352,resnet50_w1_0
Image Classification,Single-Stream,77.62,8.180292879,DeepX M1,inputResolution:336,resnet101_w1_0
Image Classification,Single-Stream,64.8,2.751028848,DeepX M1,inputResolution:336,mobilenetv2_w1_0
Image Classification,Single-Stream,77.5,7.343525985,DeepX M1,inputResolution:320,resnet101_w1_0
Image Classification,Single-Stream,72.33,7.91715398,DeepX M1,inputResolution:448,resnet50_w1_0
Image Classification,Single-Stream,75.93,10.92083768,DeepX M1,inputResolution:400,resnet101_w1_0
Image Classification,Single-Stream,63.54,3.085393099,DeepX M1,inputResolution:384,mobilenetv2_w1_0
Image Classification,Single-Stream,75.13,5.136268666,DeepX M1,inputResolution:336,resnet50_w1_0
Image Classification,Single-Stream,65.91,2.496866912,DeepX M1,inputResolution:320,mobilenetv2_w1_0
Image Classification,Single-Stream,75.27,4.530564023,DeepX M1,inputResolution:304,resnet50_w1_0
Image Classification,Single-Stream,66.5,1.816612936,DeepX M1,inputResolution:240,mobilenetv2_w1_0
Image Classification,Single-Stream,79.06,4.870444531,DeepX M1,inputResolution:224,resnet101_w1_0
Image Classification,Single-Stream,65.43,1.567237834,DeepX M1,inputResolution:208,mobilenetv2_w1_0
Image Classification,Single-Stream,64.06,1.321109923,DeepX M1,inputResolution:176,mobilenetv2_w1_0
Image Classification,Single-Stream,61.58,1.269246528,DeepX M1,inputResolution:160,mobilenetv2_w1_0
Image Classification,Single-Stream,58.74,1.107768621,DeepX M1,inputResolution:144,mobilenetv2_w1_0
Image Classification,Single-Stream,69.85,2.924493265,DeepX M1,inputResolution:128,resnet101_w1_0
Image Classification,Single-Stream,75.84,3.881020904,DeepX M1,inputResolution:272,resnet50_w1_0
Image Classification,Single-Stream,75.81,3.339572834,DeepX M1,inputResolution:240,resnet50_w1_0
Image Classification,Single-Stream,77.0,3.140160603,DeepX M1,inputResolution:224,resnet50_w1_0
Image Classification,Single-Stream,75.53,2.881484613,DeepX M1,inputResolution:208,resnet50_w1_0
Image Classification,Single-Stream,76.83,4.0722594,DeepX M1,inputResolution:192,resnet101_w1_0
Image Classification,Single-Stream,74.64,2.625987341,DeepX M1,inputResolution:192,resnet50_w1_0
Image Classification,Single-Stream,65.09,1.389869586,DeepX M1,inputResolution:192,mobilenetv2_w1_0
Image Classification,Single-Stream,74.73,3.491543787,DeepX M1,inputResolution:160,resnet101_w1_0
Image Classification,Single-Stream,77.63,6.968824101,DeepX M1,inputResolution:304,resnet101_w1_0
Image Classification,Single-Stream,66.18,2.194479298,DeepX M1,inputResolution:304,mobilenetv2_w1_0
Image Classification,Single-Stream,77.92,6.389757963,DeepX M1,inputResolution:288,resnet101_w1_0
Image Classification,Single-Stream,66.78,2.151751367,DeepX M1,inputResolution:288,mobilenetv2_w1_0
Image Classification,Single-Stream,66.24,2.111249429,DeepX M1,inputResolution:272,mobilenetv2_w1_0
Image Classification,Single-Stream,76.05,3.337043223,DeepX M1,inputResolution:256,resnet50_w1_0
Image Classification,Single-Stream,66.97,1.862967643,DeepX M1,inputResolution:256,mobilenetv2_w1_0
Image Classification,Single-Stream,78.05,5.242761989,DeepX M1,inputResolution:240,resnet101_w1_0
Image Classification,Single-Stream,77.51,4.443995951,DeepX M1,inputResolution:208,resnet101_w1_0
Image Classification,Single-Stream,73.34,2.437122631,DeepX M1,inputResolution:176,resnet50_w1_0
Image Classification,Single-Stream,72.61,3.231114666,DeepX M1,inputResolution:144,resnet101_w1_0
Image Classification,Single-Stream,66.69,2.026037114,DeepX M1,inputResolution:128,resnet50_w1_0
Image Classification,Single-Stream,75.64,4.056539687,DeepX M1,inputResolution:288,resnet50_w1_0
Image Classification,Single-Stream,77.73,6.018230388,DeepX M1,inputResolution:272,resnet101_w1_0
Image Classification,Single-Stream,78.16,5.102062777,DeepX M1,inputResolution:256,resnet101_w1_0
Image Classification,Single-Stream,68.11,1.705428128,DeepX M1,inputResolution:224,mobilenetv2_w1_0
Image Classification,Single-Stream,76.15,3.613819161,DeepX M1,inputResolution:176,resnet101_w1_0
Image Classification,Single-Stream,72.18,2.300088652,DeepX M1,inputResolution:160,resnet50_w1_0
Image Classification,Single-Stream,69.98,2.13850199,DeepX M1,inputResolution:144,resnet50_w1_0
Image Classification,Single-Stream,53.99,1.129399479,DeepX M1,inputResolution:128,mobilenetv2_w1_0
Image Classification,Single-Stream,29.29,0.998029929,DeepX M1,inputResolution:80,mobilenetv2_w1_0
Image Classification,Single-Stream,48.52,1.106749552,DeepX M1,inputResolution:112,mobilenetv2_w1_0
Image Classification,Single-Stream,53.85,1.91222531,DeepX M1,inputResolution:96,resnet50_w1_0
Image Classification,Single-Stream,46.81,2.578264836,DeepX M1,inputResolution:80,resnet101_w1_0
Image Classification,Single-Stream,43.84,1.831341373,DeepX M1,inputResolution:80,resnet50_w1_0
Image Classification,Single-Stream,62.32,2.003876977,DeepX M1,inputResolution:112,resnet50_w1_0
Image Classification,Single-Stream,56.57,2.792029751,DeepX M1,inputResolution:96,resnet101_w1_0
Image Classification,Single-Stream,39.02,1.022346277,DeepX M1,inputResolution:96,mobilenetv2_w1_0
Image Classification,Single-Stream,65.08,2.926383796,DeepX M1,inputResolution:112,resnet101_w1_0
Image Classification,Single-Stream,31.39,2.680685042,DeepX M1,inputResolution:64,resnet101_w1_0
Image Classification,Single-Stream,28.76,1.850483182,DeepX M1,inputResolution:64,resnet50_w1_0
Image Classification,Single-Stream,16.46,0.99269071,DeepX M1,inputResolution:64,mobilenetv2_w1_0
Image Classification,Single-Stream,15.57,2.464632502,DeepX M1,inputResolution:48,resnet101_w1_0
Image Classification,Single-Stream,13.38,1.746555822,DeepX M1,inputResolution:48,resnet50_w1_0
Image Classification,Single-Stream,6.7,0.945847928,DeepX M1,inputResolution:48,mobilenetv2_w1_0
Image Classification,Single-Stream,60.06,2.445706287,Mobilint-ARIES,inputResolution:448,mobilenetv2_w1_0
Image Classification,Single-Stream,72.21,7.78565679,Mobilint-ARIES,inputResolution:448,resnet50_w1_0
Image Classification,Single-Stream,74.07,12.40669767,Mobilint-ARIES,inputResolution:448,resnet101_w1_0
Image Classification,Single-Stream,60.91,2.370784025,Mobilint-ARIES,inputResolution:432,mobilenetv2_w1_0
Image Classification,Single-Stream,72.41,8.172072629,Mobilint-ARIES,inputResolution:432,resnet50_w1_0
Image Classification,Single-Stream,74.87,14.06940225,Mobilint-ARIES,inputResolution:432,resnet101_w1_0
Image Classification,Single-Stream,61.14,2.322258393,Mobilint-ARIES,inputResolution:416,mobilenetv2_w1_0
Image Classification,Single-Stream,73.27,7.572889804,Mobilint-ARIES,inputResolution:416,resnet50_w1_0
Image Classification,Single-Stream,75.55,13.14098791,Mobilint-ARIES,inputResolution:416,resnet101_w1_0
Image Classification,Single-Stream,61.49,2.186563886,Mobilint-ARIES,inputResolution:400,mobilenetv2_w1_0
Image Classification,Single-Stream,73.09,7.389070108,Mobilint-ARIES,inputResolution:400,resnet50_w1_0
Image Classification,Single-Stream,76.13,13.3613207,Mobilint-ARIES,inputResolution:400,resnet101_w1_0
Image Classification,Single-Stream,63.4,1.826334666,Mobilint-ARIES,inputResolution:384,mobilenetv2_w1_0
Image Classification,Single-Stream,73.82,6.434499696,Mobilint-ARIES,inputResolution:384,resnet50_w1_0
Image Classification,Single-Stream,76.57,10.08074433,Mobilint-ARIES,inputResolution:384,resnet101_w1_0
Image Classification,Single-Stream,63.32,1.798990815,Mobilint-ARIES,inputResolution:368,mobilenetv2_w1_0
Image Classification,Single-Stream,73.93,6.063416497,Mobilint-ARIES,inputResolution:368,resnet50_w1_0
Image Classification,Single-Stream,76.79,9.674921224,Mobilint-ARIES,inputResolution:368,resnet101_w1_0
Image Classification,Single-Stream,64.09,1.64648731,Mobilint-ARIES,inputResolution:352,mobilenetv2_w1_0
Image Classification,Single-Stream,75.0,5.546614031,Mobilint-ARIES,inputResolution:352,resnet50_w1_0
Image Classification,Single-Stream,76.99,10.28838264,Mobilint-ARIES,inputResolution:352,resnet101_w1_0
Image Classification,Single-Stream,64.33,1.524333487,Mobilint-ARIES,inputResolution:336,mobilenetv2_w1_0
Image Classification,Single-Stream,74.91,4.394696902,Mobilint-ARIES,inputResolution:336,resnet50_w1_0
Image Classification,Single-Stream,77.28,7.33891834,Mobilint-ARIES,inputResolution:336,resnet101_w1_0
Image Classification,Single-Stream,65.31,1.24150139,Mobilint-ARIES,inputResolution:320,mobilenetv2_w1_0
Image Classification,Single-Stream,75.15,3.861142269,Mobilint-ARIES,inputResolution:320,resnet50_w1_0
Image Classification,Single-Stream,77.33,6.503428784,Mobilint-ARIES,inputResolution:320,resnet101_w1_0
Image Classification,Single-Stream,65.74,1.257660696,Mobilint-ARIES,inputResolution:304,mobilenetv2_w1_0
Image Classification,Single-Stream,75.49,3.708137073,Mobilint-ARIES,inputResolution:304,resnet50_w1_0
Image Classification,Single-Stream,77.52,6.109524968,Mobilint-ARIES,inputResolution:304,resnet101_w1_0
Image Classification,Single-Stream,66.72,1.216494872,Mobilint-ARIES,inputResolution:288,mobilenetv2_w1_0
Image Classification,Single-Stream,75.64,3.426741844,Mobilint-ARIES,inputResolution:288,resnet50_w1_0
Image Classification,Single-Stream,77.88,5.646924449,Mobilint-ARIES,inputResolution:288,resnet101_w1_0
Image Classification,Single-Stream,66.06,1.061711606,Mobilint-ARIES,inputResolution:272,mobilenetv2_w1_0
Image Classification,Single-Stream,75.65,3.030111271,Mobilint-ARIES,inputResolution:272,resnet50_w1_0
Image Classification,Single-Stream,77.88,5.329362346,Mobilint-ARIES,inputResolution:272,resnet101_w1_0
Image Classification,Single-Stream,66.55,0.924168115,Mobilint-ARIES,inputResolution:256,mobilenetv2_w1_0
Image Classification,Single-Stream,75.78,2.3701555,Mobilint-ARIES,inputResolution:256,resnet50_w1_0
Image Classification,Single-Stream,77.76,3.530391118,Mobilint-ARIES,inputResolution:256,resnet101_w1_0
Image Classification,Single-Stream,66.14,0.844527022,Mobilint-ARIES,inputResolution:240,mobilenetv2_w1_0
Image Classification,Single-Stream,75.59,2.156698053,Mobilint-ARIES,inputResolution:240,resnet50_w1_0
Image Classification,Single-Stream,77.99,3.21125837,Mobilint-ARIES,inputResolution:240,resnet101_w1_0
Image Classification,Single-Stream,67.57,0.810607685,Mobilint-ARIES,inputResolution:224,mobilenetv2_w1_0
Image Classification,Single-Stream,76.83,1.970978995,Mobilint-ARIES,inputResolution:224,resnet50_w1_0
Image Classification,Single-Stream,79.24,2.866817931,Mobilint-ARIES,inputResolution:224,resnet101_w1_0
Image Classification,Single-Stream,64.72,0.741121436,Mobilint-ARIES,inputResolution:208,mobilenetv2_w1_0
Image Classification,Single-Stream,75.32,1.809905666,Mobilint-ARIES,inputResolution:208,resnet50_w1_0
Image Classification,Single-Stream,77.48,2.57594595,Mobilint-ARIES,inputResolution:208,resnet101_w1_0
Image Classification,Single-Stream,64.67,0.608065529,Mobilint-ARIES,inputResolution:192,mobilenetv2_w1_0
Image Classification,Single-Stream,74.45,1.587113652,Mobilint-ARIES,inputResolution:192,resnet50_w1_0
Image Classification,Single-Stream,76.62,2.245416292,Mobilint-ARIES,inputResolution:192,resnet101_w1_0
Image Classification,Single-Stream,63.19,0.585757997,Mobilint-ARIES,inputResolution:176,mobilenetv2_w1_0
Image Classification,Single-Stream,73.33,1.368335886,Mobilint-ARIES,inputResolution:176,resnet50_w1_0
Image Classification,Single-Stream,76.06,1.959198414,Mobilint-ARIES,inputResolution:176,resnet101_w1_0
Image Classification,Single-Stream,61.07,0.527187558,Mobilint-ARIES,inputResolution:160,mobilenetv2_w1_0
Image Classification,Single-Stream,74.63,1.856356936,Mobilint-ARIES,inputResolution:160,resnet101_w1_0
Image Classification,Single-Stream,72.14,1.224137921,Mobilint-ARIES,inputResolution:160,resnet50_w1_0
Image Classification,Single-Stream,72.75,1.735665903,Mobilint-ARIES,inputResolution:144,resnet101_w1_0
Image Classification,Single-Stream,47.98,0.390283656,Mobilint-ARIES,inputResolution:112,mobilenetv2_w1_0
Image Classification,Single-Stream,38.69,0.359480448,Mobilint-ARIES,inputResolution:96,mobilenetv2_w1_0
Image Classification,Single-Stream,53.73,0.40687154,Mobilint-ARIES,inputResolution:128,mobilenetv2_w1_0
Image Classification,Single-Stream,69.96,1.155753633,Mobilint-ARIES,inputResolution:144,resnet50_w1_0
Image Classification,Single-Stream,66.49,0.988441851,Mobilint-ARIES,inputResolution:128,resnet50_w1_0
Image Classification,Single-Stream,62.3,0.961010617,Mobilint-ARIES,inputResolution:112,resnet50_w1_0
Image Classification,Single-Stream,53.95,0.925050955,Mobilint-ARIES,inputResolution:96,resnet50_w1_0
Image Classification,Single-Stream,16.21,0.305411689,Mobilint-ARIES,inputResolution:64,mobilenetv2_w1_0
Image Classification,Single-Stream,31.38,1.36214672,Mobilint-ARIES,inputResolution:64,resnet101_w1_0
Image Classification,Single-Stream,6.63,0.292539566,Mobilint-ARIES,inputResolution:48,mobilenetv2_w1_0
Image Classification,Single-Stream,69.99,1.570415548,Mobilint-ARIES,inputResolution:128,resnet101_w1_0
Image Classification,Single-Stream,64.71,1.568526757,Mobilint-ARIES,inputResolution:112,resnet101_w1_0
Image Classification,Single-Stream,46.6,1.48268093,Mobilint-ARIES,inputResolution:80,resnet101_w1_0
Image Classification,Single-Stream,13.73,0.804277208,Mobilint-ARIES,inputResolution:48,resnet50_w1_0
Image Classification,Single-Stream,15.92,1.350954595,Mobilint-ARIES,inputResolution:48,resnet101_w1_0
Image Classification,Single-Stream,57.82,0.468661529,Mobilint-ARIES,inputResolution:144,mobilenetv2_w1_0
Image Classification,Single-Stream,56.65,1.51670799,Mobilint-ARIES,inputResolution:96,resnet101_w1_0
Image Classification,Single-Stream,29.21,0.33737719,Mobilint-ARIES,inputResolution:80,mobilenetv2_w1_0
Image Classification,Single-Stream,43.89,0.873350173,Mobilint-ARIES,inputResolution:80,resnet50_w1_0
Image Classification,Single-Stream,28.74,0.814877338,Mobilint-ARIES,inputResolution:64,resnet50_w1_0
Image Classification,Single-Stream,75.13,13.42124419,Qualcomm QCS6490,inputResolution:448,resnet101_w1_0
Image Classification,Single-Stream,72.57,9.306470905,Qualcomm QCS6490,inputResolution:448,resnet50_w1_0
Image Classification,Single-Stream,61.3,2.692080543,Qualcomm QCS6490,inputResolution:448,mobilenetv2_w1_0
Image Classification,Single-Stream,75.4,13.68090154,Qualcomm QCS6490,inputResolution:432,resnet101_w1_0
Image Classification,Single-Stream,72.85,9.61021154,Qualcomm QCS6490,inputResolution:432,resnet50_w1_0
Image Classification,Single-Stream,61.07,2.547127144,Qualcomm QCS6490,inputResolution:432,mobilenetv2_w1_0
Image Classification,Single-Stream,75.86,13.70571412,Qualcomm QCS6490,inputResolution:416,resnet101_w1_0
Image Classification,Single-Stream,73.39,10.42076072,Qualcomm QCS6490,inputResolution:416,resnet50_w1_0
Image Classification,Single-Stream,62.49,2.471736568,Qualcomm QCS6490,inputResolution:416,mobilenetv2_w1_0
Image Classification,Single-Stream,76.68,13.52924863,Qualcomm QCS6490,inputResolution:400,resnet101_w1_0
Image Classification,Single-Stream,73.41,9.733625654,Qualcomm QCS6490,inputResolution:400,resnet50_w1_0
Image Classification,Single-Stream,62.9,2.382267357,Qualcomm QCS6490,inputResolution:400,mobilenetv2_w1_0
Image Classification,Single-Stream,76.93,9.84091396,Qualcomm QCS6490,inputResolution:384,resnet101_w1_0
Image Classification,Single-Stream,74.24,5.821987848,Qualcomm QCS6490,inputResolution:384,resnet50_w1_0
Image Classification,Single-Stream,64.13,2.044351329,Qualcomm QCS6490,inputResolution:384,mobilenetv2_w1_0
Image Classification,Single-Stream,77.42,9.472832737,Qualcomm QCS6490,inputResolution:368,resnet101_w1_0
Image Classification,Single-Stream,74.47,5.755808971,Qualcomm QCS6490,inputResolution:368,resnet50_w1_0
Image Classification,Single-Stream,64.17,2.0532494,Qualcomm QCS6490,inputResolution:368,mobilenetv2_w1_0
Image Classification,Single-Stream,77.34,9.093012706,Qualcomm QCS6490,inputResolution:352,resnet101_w1_0
Image Classification,Single-Stream,74.97,5.562236766,Qualcomm QCS6490,inputResolution:352,resnet50_w1_0
Image Classification,Single-Stream,65.33,1.963879431,Qualcomm QCS6490,inputResolution:352,mobilenetv2_w1_0
Image Classification,Single-Stream,77.66,11.30858879,Qualcomm QCS6490,inputResolution:336,resnet101_w1_0
Image Classification,Single-Stream,74.6,5.965595836,Qualcomm QCS6490,inputResolution:336,resnet50_w1_0
Image Classification,Single-Stream,64.92,1.825231904,Qualcomm QCS6490,inputResolution:336,mobilenetv2_w1_0
Image Classification,Single-Stream,77.97,7.916810262,Qualcomm QCS6490,inputResolution:320,resnet101_w1_0
Image Classification,Single-Stream,75.54,4.813168263,Qualcomm QCS6490,inputResolution:320,resnet50_w1_0
Image Classification,Single-Stream,66.03,1.615013121,Qualcomm QCS6490,inputResolution:320,mobilenetv2_w1_0
Image Classification,Single-Stream,77.87,7.941776148,Qualcomm QCS6490,inputResolution:304,resnet101_w1_0
Image Classification,Single-Stream,75.42,4.866169325,Qualcomm QCS6490,inputResolution:304,resnet50_w1_0
Image Classification,Single-Stream,66.25,1.639781084,Qualcomm QCS6490,inputResolution:304,mobilenetv2_w1_0
Image Classification,Single-Stream,78.22,7.746262416,Qualcomm QCS6490,inputResolution:288,resnet101_w1_0
Image Classification,Single-Stream,75.67,4.485794428,Qualcomm QCS6490,inputResolution:288,resnet50_w1_0
Image Classification,Single-Stream,67.05,1.478233062,Qualcomm QCS6490,inputResolution:288,mobilenetv2_w1_0
Image Classification,Single-Stream,78.3,7.724174387,Qualcomm QCS6490,inputResolution:272,resnet101_w1_0
Image Classification,Single-Stream,75.87,4.250008085,Qualcomm QCS6490,inputResolution:272,resnet50_w1_0
Image Classification,Single-Stream,66.32,1.438458812,Qualcomm QCS6490,inputResolution:272,mobilenetv2_w1_0
Image Classification,Single-Stream,78.41,5.118402277,Qualcomm QCS6490,inputResolution:256,resnet101_w1_0
Image Classification,Single-Stream,75.75,3.235757445,Qualcomm QCS6490,inputResolution:256,resnet50_w1_0
Image Classification,Single-Stream,67.12,1.371563504,Qualcomm QCS6490,inputResolution:256,mobilenetv2_w1_0
Image Classification,Single-Stream,78.37,4.585916967,Qualcomm QCS6490,inputResolution:240,resnet101_w1_0
Image Classification,Single-Stream,75.77,3.055675466,Qualcomm QCS6490,inputResolution:240,resnet50_w1_0
Image Classification,Single-Stream,66.63,1.22889828,Qualcomm QCS6490,inputResolution:240,mobilenetv2_w1_0
Image Classification,Single-Stream,79.26,4.652288612,Qualcomm QCS6490,inputResolution:224,resnet101_w1_0
Image Classification,Single-Stream,76.62,2.972582551,Qualcomm QCS6490,inputResolution:224,resnet50_w1_0
Image Classification,Single-Stream,68.14,1.255207949,Qualcomm QCS6490,inputResolution:224,mobilenetv2_w1_0
Image Classification,Single-Stream,77.75,4.291254639,Qualcomm QCS6490,inputResolution:208,resnet101_w1_0
Image Classification,Single-Stream,75.07,2.90386347,Qualcomm QCS6490,inputResolution:208,resnet50_w1_0
Image Classification,Single-Stream,65.31,1.177616314,Qualcomm QCS6490,inputResolution:208,mobilenetv2_w1_0
Image Classification,Single-Stream,76.91,4.182395042,Qualcomm QCS6490,inputResolution:192,resnet101_w1_0
Image Classification,Single-Stream,74.54,2.619508547,Qualcomm QCS6490,inputResolution:192,resnet50_w1_0
Image Classification,Single-Stream,64.89,1.109127804,Qualcomm QCS6490,inputResolution:192,mobilenetv2_w1_0
Image Classification,Single-Stream,76.26,4.08175989,Qualcomm QCS6490,inputResolution:176,resnet101_w1_0
Image Classification,Single-Stream,73.29,2.606825214,Qualcomm QCS6490,inputResolution:176,resnet50_w1_0
Image Classification,Single-Stream,64.17,1.01191457,Qualcomm QCS6490,inputResolution:176,mobilenetv2_w1_0
Image Classification,Single-Stream,74.66,4.095063023,Qualcomm QCS6490,inputResolution:160,resnet101_w1_0
Image Classification,Single-Stream,72.04,2.619317449,Qualcomm QCS6490,inputResolution:160,resnet50_w1_0
Image Classification,Single-Stream,61.43,1.085326089,Qualcomm QCS6490,inputResolution:160,mobilenetv2_w1_0
Image Classification,Single-Stream,72.6,6.580540207,Qualcomm QCS6490,inputResolution:144,resnet101_w1_0
Image Classification,Single-Stream,69.97,4.597705188,Qualcomm QCS6490,inputResolution:144,resnet50_w1_0
Image Classification,Single-Stream,58.44,2.78501344,Qualcomm QCS6490,inputResolution:144,mobilenetv2_w1_0
Image Classification,Single-Stream,69.74,5.750830043,Qualcomm QCS6490,inputResolution:128,resnet101_w1_0
Image Classification,Single-Stream,66.41,4.207107101,Qualcomm QCS6490,inputResolution:128,resnet50_w1_0
Image Classification,Single-Stream,54.08,2.2552467,Qualcomm QCS6490,inputResolution:128,mobilenetv2_w1_0
Image Classification,Single-Stream,65.02,5.505778726,Qualcomm QCS6490,inputResolution:112,resnet101_w1_0
Image Classification,Single-Stream,62.33,4.018529475,Qualcomm QCS6490,inputResolution:112,resnet50_w1_0
Image Classification,Single-Stream,48.09,2.114475381,Qualcomm QCS6490,inputResolution:112,mobilenetv2_w1_0
Image Classification,Single-Stream,56.76,5.318554519,Qualcomm QCS6490,inputResolution:96,resnet101_w1_0
Image Classification,Single-Stream,54.09,3.708190979,Qualcomm QCS6490,inputResolution:96,resnet50_w1_0
Image Classification,Single-Stream,39.36,2.056024796,Qualcomm QCS6490,inputResolution:96,mobilenetv2_w1_0
Image Classification,Single-Stream,46.76,5.31342904,Qualcomm QCS6490,inputResolution:80,resnet101_w1_0
Image Classification,Single-Stream,43.72,3.75789823,Qualcomm QCS6490,inputResolution:80,resnet50_w1_0
Image Classification,Single-Stream,29.37,1.822063903,Qualcomm QCS6490,inputResolution:80,mobilenetv2_w1_0
Image Classification,Single-Stream,31.49,5.08547459,Qualcomm QCS6490,inputResolution:64,resnet101_w1_0
Image Classification,Single-Stream,28.94,3.407326162,Qualcomm QCS6490,inputResolution:64,resnet50_w1_0
Image Classification,Single-Stream,16.4,1.716822538,Qualcomm QCS6490,inputResolution:64,mobilenetv2_w1_0
Image Classification,Single-Stream,15.94,5.058910697,Qualcomm QCS6490,inputResolution:48,resnet101_w1_0
Image Classification,Single-Stream,13.72,3.398655859,Qualcomm QCS6490,inputResolution:48,resnet50_w1_0
Image Classification,Single-Stream,6.84,1.652454055,Qualcomm QCS6490,inputResolution:48,mobilenetv2_w1_0
Image Classification,Single-Stream,74.21,10.00981733,RTX PRO 6000 Max-Q,inputResolution:448,resnet101_w1_0
Image Classification,Single-Stream,72.05,5.013419011,RTX PRO 6000 Max-Q,inputResolution:448,resnet50_w1_0
Image Classification,Single-Stream,59.46,1.512082947,RTX PRO 6000 Max-Q,inputResolution:448,mobilenetv2_w1_0
Image Classification,Single-Stream,74.86,10.02385336,RTX PRO 6000 Max-Q,inputResolution:432,resnet101_w1_0
Image Classification,Single-Stream,72.64,4.995455015,RTX PRO 6000 Max-Q,inputResolution:432,resnet50_w1_0
Image Classification,Single-Stream,59.54,1.598442669,RTX PRO 6000 Max-Q,inputResolution:432,mobilenetv2_w1_0
Image Classification,Single-Stream,75.53,9.70919663,RTX PRO 6000 Max-Q,inputResolution:416,resnet101_w1_0
Image Classification,Single-Stream,73.21,4.787307932,RTX PRO 6000 Max-Q,inputResolution:416,resnet50_w1_0
Image Classification,Single-Stream,61.12,1.363232069,RTX PRO 6000 Max-Q,inputResolution:416,mobilenetv2_w1_0
Image Classification,Single-Stream,76.07,9.494140723,RTX PRO 6000 Max-Q,inputResolution:400,resnet101_w1_0
Image Classification,Single-Stream,73.46,4.700408937,RTX PRO 6000 Max-Q,inputResolution:400,resnet50_w1_0
Image Classification,Single-Stream,61.6,1.346792721,RTX PRO 6000 Max-Q,inputResolution:400,mobilenetv2_w1_0
Image Classification,Single-Stream,76.37,7.41659117,RTX PRO 6000 Max-Q,inputResolution:384,resnet101_w1_0
Image Classification,Single-Stream,74.22,4.132983234,RTX PRO 6000 Max-Q,inputResolution:384,resnet50_w1_0
Image Classification,Single-Stream,63.23,1.226771344,RTX PRO 6000 Max-Q,inputResolution:384,mobilenetv2_w1_0
Image Classification,Single-Stream,76.91,7.44305857,RTX PRO 6000 Max-Q,inputResolution:368,resnet101_w1_0
Image Classification,Single-Stream,74.25,4.07739121,RTX PRO 6000 Max-Q,inputResolution:368,resnet50_w1_0
Image Classification,Single-Stream,63.57,1.222343752,RTX PRO 6000 Max-Q,inputResolution:368,mobilenetv2_w1_0
Image Classification,Single-Stream,76.95,7.446654164,RTX PRO 6000 Max-Q,inputResolution:352,resnet101_w1_0
Image Classification,Single-Stream,75.17,4.207944533,RTX PRO 6000 Max-Q,inputResolution:352,resnet50_w1_0
Image Classification,Single-Stream,65.04,1.117395434,RTX PRO 6000 Max-Q,inputResolution:352,mobilenetv2_w1_0
Image Classification,Single-Stream,77.49,7.499322331,RTX PRO 6000 Max-Q,inputResolution:336,resnet101_w1_0
Image Classification,Single-Stream,75.02,4.052976921,RTX PRO 6000 Max-Q,inputResolution:336,resnet50_w1_0
Image Classification,Single-Stream,64.63,1.16309778,RTX PRO 6000 Max-Q,inputResolution:336,mobilenetv2_w1_0
Image Classification,Single-Stream,77.53,6.972862216,RTX PRO 6000 Max-Q,inputResolution:320,resnet101_w1_0
Image Classification,Single-Stream,75.32,3.849498589,RTX PRO 6000 Max-Q,inputResolution:320,resnet50_w1_0
Image Classification,Single-Stream,65.69,1.06450674,RTX PRO 6000 Max-Q,inputResolution:320,mobilenetv2_w1_0
Image Classification,Single-Stream,77.86,6.912885861,RTX PRO 6000 Max-Q,inputResolution:304,resnet101_w1_0
Image Classification,Single-Stream,75.49,3.711109029,RTX PRO 6000 Max-Q,inputResolution:304,resnet50_w1_0
Image Classification,Single-Stream,66.2,1.052115003,RTX PRO 6000 Max-Q,inputResolution:304,mobilenetv2_w1_0
Image Classification,Single-Stream,77.95,6.835718421,RTX PRO 6000 Max-Q,inputResolution:288,resnet101_w1_0
Image Classification,Single-Stream,75.47,3.676205023,RTX PRO 6000 Max-Q,inputResolution:288,resnet50_w1_0
Image Classification,Single-Stream,66.86,1.034645302,RTX PRO 6000 Max-Q,inputResolution:288,mobilenetv2_w1_0
Image Classification,Single-Stream,78.03,6.782707711,RTX PRO 6000 Max-Q,inputResolution:272,resnet101_w1_0
Image Classification,Single-Stream,75.8,3.73287184,RTX PRO 6000 Max-Q,inputResolution:272,resnet50_w1_0
Image Classification,Single-Stream,66.52,0.98460157,RTX PRO 6000 Max-Q,inputResolution:272,mobilenetv2_w1_0
Image Classification,Single-Stream,78.33,6.595749817,RTX PRO 6000 Max-Q,inputResolution:256,resnet101_w1_0
Image Classification,Single-Stream,75.82,3.543225093,RTX PRO 6000 Max-Q,inputResolution:256,resnet50_w1_0
Image Classification,Single-Stream,67.15,1.026063724,RTX PRO 6000 Max-Q,inputResolution:256,mobilenetv2_w1_0
Image Classification,Single-Stream,78.16,6.599469513,RTX PRO 6000 Max-Q,inputResolution:240,resnet101_w1_0
Image Classification,Single-Stream,75.81,3.530853911,RTX PRO 6000 Max-Q,inputResolution:240,resnet50_w1_0
Image Classification,Single-Stream,66.68,1.007685412,RTX PRO 6000 Max-Q,inputResolution:240,mobilenetv2_w1_0
Image Classification,Single-Stream,79.21,6.556851929,RTX PRO 6000 Max-Q,inputResolution:224,resnet101_w1_0
Image Classification,Single-Stream,76.88,3.529393572,RTX PRO 6000 Max-Q,inputResolution:224,resnet50_w1_0
Image Classification,Single-Stream,68.22,0.93108373,RTX PRO 6000 Max-Q,inputResolution:224,mobilenetv2_w1_0
Image Classification,Single-Stream,77.71,6.512653478,RTX PRO 6000 Max-Q,inputResolution:208,resnet101_w1_0
Image Classification,Single-Stream,75.54,3.453678725,RTX PRO 6000 Max-Q,inputResolution:208,resnet50_w1_0
Image Classification,Single-Stream,65.41,0.919150883,RTX PRO 6000 Max-Q,inputResolution:208,mobilenetv2_w1_0
Image Classification,Single-Stream,76.92,6.384696439,RTX PRO 6000 Max-Q,inputResolution:192,resnet101_w1_0
Image Classification,Single-Stream,74.79,3.393161768,RTX PRO 6000 Max-Q,inputResolution:192,resnet50_w1_0
Image Classification,Single-Stream,64.82,0.920920499,RTX PRO 6000 Max-Q,inputResolution:192,mobilenetv2_w1_0
Image Classification,Single-Stream,76.34,6.456949854,RTX PRO 6000 Max-Q,inputResolution:176,resnet101_w1_0
Image Classification,Single-Stream,73.53,3.395878143,RTX PRO 6000 Max-Q,inputResolution:176,resnet50_w1_0
Image Classification,Single-Stream,64.02,0.988976235,RTX PRO 6000 Max-Q,inputResolution:176,mobilenetv2_w1_0
Image Classification,Single-Stream,75.09,6.332652321,RTX PRO 6000 Max-Q,inputResolution:160,resnet101_w1_0
Image Classification,Single-Stream,72.4,3.383583827,RTX PRO 6000 Max-Q,inputResolution:160,resnet50_w1_0
Image Classification,Single-Stream,61.85,0.919055597,RTX PRO 6000 Max-Q,inputResolution:160,mobilenetv2_w1_0
Image Classification,Single-Stream,72.72,6.362400327,RTX PRO 6000 Max-Q,inputResolution:144,resnet101_w1_0
Image Classification,Single-Stream,70.19,3.358306753,RTX PRO 6000 Max-Q,inputResolution:144,resnet50_w1_0
Image Classification,Single-Stream,58.76,0.884500137,RTX PRO 6000 Max-Q,inputResolution:144,mobilenetv2_w1_0
Image Classification,Single-Stream,69.79,6.299601279,RTX PRO 6000 Max-Q,inputResolution:128,resnet101_w1_0
Image Classification,Single-Stream,66.87,3.342831613,RTX PRO 6000 Max-Q,inputResolution:128,resnet50_w1_0
Image Classification,Single-Stream,54.45,0.908494832,RTX PRO 6000 Max-Q,inputResolution:128,mobilenetv2_w1_0
Image Classification,Single-Stream,65.36,6.217814802,RTX PRO 6000 Max-Q,inputResolution:112,resnet101_w1_0
Image Classification,Single-Stream,62.46,3.199824641,RTX PRO 6000 Max-Q,inputResolution:112,resnet50_w1_0
Image Classification,Single-Stream,48.95,0.875812787,RTX PRO 6000 Max-Q,inputResolution:112,mobilenetv2_w1_0
Image Classification,Single-Stream,56.85,6.225794469,RTX PRO 6000 Max-Q,inputResolution:96,resnet101_w1_0
Image Classification,Single-Stream,54.12,3.231360008,RTX PRO 6000 Max-Q,inputResolution:96,resnet50_w1_0
Image Classification,Single-Stream,39.67,0.925343721,RTX PRO 6000 Max-Q,inputResolution:96,mobilenetv2_w1_0
Image Classification,Single-Stream,46.83,6.155355753,RTX PRO 6000 Max-Q,inputResolution:80,resnet101_w1_0
Image Classification,Single-Stream,43.82,3.209213866,RTX PRO 6000 Max-Q,inputResolution:80,resnet50_w1_0
Image Classification,Single-Stream,29.53,0.889244451,RTX PRO 6000 Max-Q,inputResolution:80,mobilenetv2_w1_0
Image Classification,Single-Stream,31.73,6.17294796,RTX PRO 6000 Max-Q,inputResolution:64,resnet101_w1_0
Image Classification,Single-Stream,29.2,3.150145089,RTX PRO 6000 Max-Q,inputResolution:64,resnet50_w1_0
Image Classification,Single-Stream,16.8,0.850298955,RTX PRO 6000 Max-Q,inputResolution:64,mobilenetv2_w1_0
Image Classification,Single-Stream,16.08,6.151873408,RTX PRO 6000 Max-Q,inputResolution:48,resnet101_w1_0
Image Classification,Single-Stream,14.06,3.117199389,RTX PRO 6000 Max-Q,inputResolution:48,resnet50_w1_0
Image Classification,Single-Stream,6.87,0.835276788,RTX PRO 6000 Max-Q,inputResolution:48,mobilenetv2_w1_0
