task,scenario,accuracy,samples_per_second,accelerator_type,input_resolution,benchmark_model
Image Classification,Offline,59.23,601.495807,Hailo-8,inputResolution:448,mobilenetv2_w1_0
Image Classification,Offline,73.5,106.1414268,Hailo-8,inputResolution:448,resnet101_w1_0
Image Classification,Offline,71.98,138.3758548,Hailo-8,inputResolution:448,resnet50_w1_0
Image Classification,Offline,59.22,640.5538299,Hailo-8,inputResolution:432,mobilenetv2_w1_0
Image Classification,Offline,74.42,121.4289796,Hailo-8,inputResolution:432,resnet101_w1_0
Image Classification,Offline,72.32,132.6138199,Hailo-8,inputResolution:432,resnet50_w1_0
Image Classification,Offline,61.09,656.7933803,Hailo-8,inputResolution:416,mobilenetv2_w1_0
Image Classification,Offline,75.6,127.8351271,Hailo-8,inputResolution:416,resnet101_w1_0
Image Classification,Offline,73.04,131.5135185,Hailo-8,inputResolution:416,resnet50_w1_0
Image Classification,Offline,61.71,688.3059081,Hailo-8,inputResolution:400,mobilenetv2_w1_0
Image Classification,Offline,75.89,125.5166735,Hailo-8,inputResolution:400,resnet101_w1_0
Image Classification,Offline,73.25,184.1810095,Hailo-8,inputResolution:400,resnet50_w1_0
Image Classification,Offline,63.24,812.9958353,Hailo-8,inputResolution:384,mobilenetv2_w1_0
Image Classification,Offline,76.45,110.2334569,Hailo-8,inputResolution:384,resnet101_w1_0
Image Classification,Offline,73.94,216.5935006,Hailo-8,inputResolution:384,resnet50_w1_0
Image Classification,Offline,63.48,857.4979812,Hailo-8,inputResolution:368,mobilenetv2_w1_0
Image Classification,Offline,76.27,172.1222837,Hailo-8,inputResolution:368,resnet101_w1_0
Image Classification,Offline,74.13,236.4356758,Hailo-8,inputResolution:368,resnet50_w1_0
Image Classification,Offline,64.7,916.805872,Hailo-8,inputResolution:352,mobilenetv2_w1_0
Image Classification,Offline,77.19,174.7164097,Hailo-8,inputResolution:352,resnet101_w1_0
Image Classification,Offline,74.71,255.1238514,Hailo-8,inputResolution:352,resnet50_w1_0
Image Classification,Offline,64.37,958.511626,Hailo-8,inputResolution:336,mobilenetv2_w1_0
Image Classification,Offline,77.06,184.8142273,Hailo-8,inputResolution:336,resnet101_w1_0
Image Classification,Offline,74.87,274.3359454,Hailo-8,inputResolution:336,resnet50_w1_0
Image Classification,Offline,65.56,1060.265668,Hailo-8,inputResolution:320,mobilenetv2_w1_0
Image Classification,Offline,77.69,197.1535366,Hailo-8,inputResolution:320,resnet101_w1_0
Image Classification,Offline,75.21,532.1249774,Hailo-8,inputResolution:320,resnet50_w1_0
Image Classification,Offline,65.8,1142.98369,Hailo-8,inputResolution:304,mobilenetv2_w1_0
Image Classification,Offline,78.1,209.1023579,Hailo-8,inputResolution:304,resnet101_w1_0
Image Classification,Offline,75.37,334.5130122,Hailo-8,inputResolution:304,resnet50_w1_0
Image Classification,Offline,66.54,1252.996366,Hailo-8,inputResolution:288,mobilenetv2_w1_0
Image Classification,Offline,77.75,228.6282543,Hailo-8,inputResolution:288,resnet101_w1_0
Image Classification,Offline,75.29,402.9748771,Hailo-8,inputResolution:288,resnet50_w1_0
Image Classification,Offline,66.13,1353.773289,Hailo-8,inputResolution:272,mobilenetv2_w1_0
Image Classification,Offline,78.05,222.5893694,Hailo-8,inputResolution:272,resnet101_w1_0
Image Classification,Offline,75.55,418.7854213,Hailo-8,inputResolution:272,resnet50_w1_0
Image Classification,Offline,66.54,1761.957139,Hailo-8,inputResolution:256,mobilenetv2_w1_0
Image Classification,Offline,78.33,294.7569047,Hailo-8,inputResolution:256,resnet101_w1_0
Image Classification,Offline,76.06,798.887881,Hailo-8,inputResolution:256,resnet50_w1_0
Image Classification,Offline,66.52,1974.971392,Hailo-8,inputResolution:240,mobilenetv2_w1_0
Image Classification,Offline,78.29,307.0536416,Hailo-8,inputResolution:240,resnet101_w1_0
Image Classification,Offline,75.78,860.6905751,Hailo-8,inputResolution:240,resnet50_w1_0
Image Classification,Offline,67.78,2278.63136,Hailo-8,inputResolution:224,mobilenetv2_w1_0
Image Classification,Offline,79.21,321.6487007,Hailo-8,inputResolution:224,resnet101_w1_0
Image Classification,Offline,76.94,923.2832946,Hailo-8,inputResolution:224,resnet50_w1_0
Image Classification,Offline,65.1,2318.713184,Hailo-8,inputResolution:208,mobilenetv2_w1_0
Image Classification,Offline,77.41,371.2191904,Hailo-8,inputResolution:208,resnet101_w1_0
Image Classification,Offline,75.38,1226.123474,Hailo-8,inputResolution:208,resnet50_w1_0
Image Classification,Offline,64.82,2562.621237,Hailo-8,inputResolution:192,mobilenetv2_w1_0
Image Classification,Offline,77.13,379.0971686,Hailo-8,inputResolution:192,resnet101_w1_0
Image Classification,Offline,74.54,1468.144503,Hailo-8,inputResolution:192,resnet50_w1_0
Image Classification,Offline,63.93,2811.654124,Hailo-8,inputResolution:176,mobilenetv2_w1_0
Image Classification,Offline,72.02,1763.89766,Hailo-8,inputResolution:160,resnet50_w1_0
Image Classification,Offline,58.79,3788.192907,Hailo-8,inputResolution:144,mobilenetv2_w1_0
Image Classification,Offline,48.42,5648.662426,Hailo-8,inputResolution:112,mobilenetv2_w1_0
Image Classification,Offline,39.5,7319.195985,Hailo-8,inputResolution:96,mobilenetv2_w1_0
Image Classification,Offline,43.62,4794.542593,Hailo-8,inputResolution:80,resnet50_w1_0
Image Classification,Offline,65.02,612.8091851,Hailo-8,inputResolution:112,resnet101_w1_0
Image Classification,Offline,62.18,3046.106079,Hailo-8,inputResolution:112,resnet50_w1_0
Image Classification,Offline,29.25,7920.336391,Hailo-8,inputResolution:80,mobilenetv2_w1_0
Image Classification,Offline,16.59,11515.29304,Hailo-8,inputResolution:64,mobilenetv2_w1_0
Image Classification,Offline,15.65,759.1666093,Hailo-8,inputResolution:48,resnet101_w1_0
Image Classification,Offline,73.47,1399.465001,Hailo-8,inputResolution:176,resnet50_w1_0
Image Classification,Offline,61.53,3281.257274,Hailo-8,inputResolution:160,mobilenetv2_w1_0
Image Classification,Offline,74.85,420.2394503,Hailo-8,inputResolution:160,resnet101_w1_0
Image Classification,Offline,53.96,5357.754094,Hailo-8,inputResolution:128,mobilenetv2_w1_0
Image Classification,Offline,69.76,588.283017,Hailo-8,inputResolution:128,resnet101_w1_0
Image Classification,Offline,66.47,3216.499905,Hailo-8,inputResolution:128,resnet50_w1_0
Image Classification,Offline,56.67,663.9214128,Hailo-8,inputResolution:96,resnet101_w1_0
Image Classification,Offline,53.84,4084.923879,Hailo-8,inputResolution:96,resnet50_w1_0
Image Classification,Offline,6.78,12528.882,Hailo-8,inputResolution:48,mobilenetv2_w1_0
Image Classification,Offline,13.8,8464.28477,Hailo-8,inputResolution:48,resnet50_w1_0
Image Classification,Offline,75.97,396.2645883,Hailo-8,inputResolution:176,resnet101_w1_0
Image Classification,Offline,72.54,439.4433921,Hailo-8,inputResolution:144,resnet101_w1_0
Image Classification,Offline,69.76,1941.117063,Hailo-8,inputResolution:144,resnet50_w1_0
Image Classification,Offline,46.29,736.9393329,Hailo-8,inputResolution:80,resnet101_w1_0
Image Classification,Offline,31.39,729.8884277,Hailo-8,inputResolution:64,resnet101_w1_0
Image Classification,Offline,28.43,7449.273532,Hailo-8,inputResolution:64,resnet50_w1_0
Image Classification,Offline,74.16,194.0791715,DeepX M1,inputResolution:448,resnet101_w1_0
Image Classification,Offline,72.78,335.6471812,DeepX M1,inputResolution:432,resnet50_w1_0
Image Classification,Offline,72.33,311.8160564,DeepX M1,inputResolution:448,resnet50_w1_0
Image Classification,Offline,74.99,208.1117673,DeepX M1,inputResolution:432,resnet101_w1_0
Image Classification,Offline,59.74,642.6677437,DeepX M1,inputResolution:432,mobilenetv2_w1_0
Image Classification,Offline,61.84,753.543862,DeepX M1,inputResolution:400,mobilenetv2_w1_0
Image Classification,Offline,63.54,821.8448128,DeepX M1,inputResolution:384,mobilenetv2_w1_0
Image Classification,Offline,63.89,870.521968,DeepX M1,inputResolution:368,mobilenetv2_w1_0
Image Classification,Offline,66.18,1430.886879,DeepX M1,inputResolution:304,mobilenetv2_w1_0
Image Classification,Offline,77.73,477.544579,DeepX M1,inputResolution:272,resnet101_w1_0
Image Classification,Offline,75.84,732.5818277,DeepX M1,inputResolution:272,resnet50_w1_0
Image Classification,Offline,66.24,1795.700995,DeepX M1,inputResolution:272,mobilenetv2_w1_0
Image Classification,Offline,73.5,380.7219172,DeepX M1,inputResolution:416,resnet50_w1_0
Image Classification,Offline,61.62,704.7248559,DeepX M1,inputResolution:416,mobilenetv2_w1_0
Image Classification,Offline,75.93,234.0698042,DeepX M1,inputResolution:400,resnet101_w1_0
Image Classification,Offline,73.81,379.8579989,DeepX M1,inputResolution:400,resnet50_w1_0
Image Classification,Offline,77.62,317.6067215,DeepX M1,inputResolution:336,resnet101_w1_0
Image Classification,Offline,65.91,1246.19371,DeepX M1,inputResolution:320,mobilenetv2_w1_0
Image Classification,Offline,60.06,613.3336595,DeepX M1,inputResolution:448,mobilenetv2_w1_0
Image Classification,Offline,75.62,252.0527857,DeepX M1,inputResolution:416,resnet101_w1_0
Image Classification,Offline,76.37,290.309616,DeepX M1,inputResolution:384,resnet101_w1_0
Image Classification,Offline,74.65,437.4498331,DeepX M1,inputResolution:384,resnet50_w1_0
Image Classification,Offline,74.59,431.5378317,DeepX M1,inputResolution:368,resnet50_w1_0
Image Classification,Offline,75.43,520.4059768,DeepX M1,inputResolution:352,resnet50_w1_0
Image Classification,Offline,64.8,1125.023071,DeepX M1,inputResolution:336,mobilenetv2_w1_0
Image Classification,Offline,75.56,595.9656644,DeepX M1,inputResolution:320,resnet50_w1_0
Image Classification,Offline,77.63,406.3156145,DeepX M1,inputResolution:304,resnet101_w1_0
Image Classification,Offline,75.27,609.2702965,DeepX M1,inputResolution:304,resnet50_w1_0
Image Classification,Offline,77.92,458.2733288,DeepX M1,inputResolution:288,resnet101_w1_0
Image Classification,Offline,75.64,712.3869179,DeepX M1,inputResolution:288,resnet50_w1_0
Image Classification,Offline,66.78,1665.23624,DeepX M1,inputResolution:288,mobilenetv2_w1_0
Image Classification,Offline,76.58,264.7458713,DeepX M1,inputResolution:368,resnet101_w1_0
Image Classification,Offline,76.74,346.0781523,DeepX M1,inputResolution:352,resnet101_w1_0
Image Classification,Offline,65.27,1100.31144,DeepX M1,inputResolution:352,mobilenetv2_w1_0
Image Classification,Offline,75.13,520.4391424,DeepX M1,inputResolution:336,resnet50_w1_0
Image Classification,Offline,77.5,393.5466512,DeepX M1,inputResolution:320,resnet101_w1_0
Image Classification,Offline,77.51,641.5474065,DeepX M1,inputResolution:208,resnet101_w1_0
Image Classification,Offline,75.53,1035.405381,DeepX M1,inputResolution:208,resnet50_w1_0
Image Classification,Offline,65.43,3064.928468,DeepX M1,inputResolution:208,mobilenetv2_w1_0
Image Classification,Offline,74.64,1106.428368,DeepX M1,inputResolution:192,resnet50_w1_0
Image Classification,Offline,72.61,767.7491583,DeepX M1,inputResolution:144,resnet101_w1_0
Image Classification,Offline,66.69,1288.621957,DeepX M1,inputResolution:128,resnet50_w1_0
Image Classification,Offline,65.08,817.6422097,DeepX M1,inputResolution:112,resnet101_w1_0
Image Classification,Offline,46.81,842.7130558,DeepX M1,inputResolution:80,resnet101_w1_0
Image Classification,Offline,31.39,841.9186819,DeepX M1,inputResolution:64,resnet101_w1_0
Image Classification,Offline,16.46,4662.846125,DeepX M1,inputResolution:64,mobilenetv2_w1_0
Image Classification,Offline,15.57,851.5818863,DeepX M1,inputResolution:48,resnet101_w1_0
Image Classification,Offline,66.97,2223.099607,DeepX M1,inputResolution:256,mobilenetv2_w1_0
Image Classification,Offline,78.05,556.0050827,DeepX M1,inputResolution:240,resnet101_w1_0
Image Classification,Offline,66.5,2529.713614,DeepX M1,inputResolution:240,mobilenetv2_w1_0
Image Classification,Offline,76.15,738.4292386,DeepX M1,inputResolution:176,resnet101_w1_0
Image Classification,Offline,74.73,751.1388994,DeepX M1,inputResolution:160,resnet101_w1_0
Image Classification,Offline,61.58,4234.95213,DeepX M1,inputResolution:160,mobilenetv2_w1_0
Image Classification,Offline,53.85,1319.0378,DeepX M1,inputResolution:96,resnet50_w1_0
Image Classification,Offline,78.16,573.0055869,DeepX M1,inputResolution:256,resnet101_w1_0
Image Classification,Offline,76.05,894.0471933,DeepX M1,inputResolution:256,resnet50_w1_0
Image Classification,Offline,75.81,886.4433406,DeepX M1,inputResolution:240,resnet50_w1_0
Image Classification,Offline,77.0,929.2567305,DeepX M1,inputResolution:224,resnet50_w1_0
Image Classification,Offline,76.83,686.8357284,DeepX M1,inputResolution:192,resnet101_w1_0
Image Classification,Offline,73.34,1186.701425,DeepX M1,inputResolution:176,resnet50_w1_0
Image Classification,Offline,64.06,3943.626404,DeepX M1,inputResolution:176,mobilenetv2_w1_0
Image Classification,Offline,69.98,1225.130221,DeepX M1,inputResolution:144,resnet50_w1_0
Image Classification,Offline,58.74,4373.757148,DeepX M1,inputResolution:144,mobilenetv2_w1_0
Image Classification,Offline,53.99,4518.953119,DeepX M1,inputResolution:128,mobilenetv2_w1_0
Image Classification,Offline,62.32,1289.498766,DeepX M1,inputResolution:112,resnet50_w1_0
Image Classification,Offline,48.52,4584.11647,DeepX M1,inputResolution:112,mobilenetv2_w1_0
Image Classification,Offline,56.57,824.1075168,DeepX M1,inputResolution:96,resnet101_w1_0
Image Classification,Offline,39.02,4584.249284,DeepX M1,inputResolution:96,mobilenetv2_w1_0
Image Classification,Offline,43.84,1333.759187,DeepX M1,inputResolution:80,resnet50_w1_0
Image Classification,Offline,29.29,4677.061823,DeepX M1,inputResolution:80,mobilenetv2_w1_0
Image Classification,Offline,28.76,1346.565592,DeepX M1,inputResolution:64,resnet50_w1_0
Image Classification,Offline,6.7,4749.765265,DeepX M1,inputResolution:48,mobilenetv2_w1_0
Image Classification,Offline,79.06,586.8981976,DeepX M1,inputResolution:224,resnet101_w1_0
Image Classification,Offline,68.11,2825.915681,DeepX M1,inputResolution:224,mobilenetv2_w1_0
Image Classification,Offline,65.09,3827.921379,DeepX M1,inputResolution:192,mobilenetv2_w1_0
Image Classification,Offline,72.18,1185.946579,DeepX M1,inputResolution:160,resnet50_w1_0
Image Classification,Offline,69.85,810.3249529,DeepX M1,inputResolution:128,resnet101_w1_0
Image Classification,Offline,13.38,1367.601931,DeepX M1,inputResolution:48,resnet50_w1_0
Image Classification,Offline,60.06,2913.391834,Mobilint-ARIES,inputResolution:448,mobilenetv2_w1_0
Image Classification,Offline,72.21,555.8806171,Mobilint-ARIES,inputResolution:448,resnet50_w1_0
Image Classification,Offline,74.07,320.3418229,Mobilint-ARIES,inputResolution:448,resnet101_w1_0
Image Classification,Offline,60.91,2953.618979,Mobilint-ARIES,inputResolution:432,mobilenetv2_w1_0
Image Classification,Offline,72.41,575.1954659,Mobilint-ARIES,inputResolution:432,resnet50_w1_0
Image Classification,Offline,74.87,320.0037045,Mobilint-ARIES,inputResolution:432,resnet101_w1_0
Image Classification,Offline,61.14,3210.926927,Mobilint-ARIES,inputResolution:416,mobilenetv2_w1_0
Image Classification,Offline,73.27,627.6794581,Mobilint-ARIES,inputResolution:416,resnet50_w1_0
Image Classification,Offline,75.55,346.7784044,Mobilint-ARIES,inputResolution:416,resnet101_w1_0
Image Classification,Offline,61.49,3330.917915,Mobilint-ARIES,inputResolution:400,mobilenetv2_w1_0
Image Classification,Offline,73.09,637.121011,Mobilint-ARIES,inputResolution:400,resnet50_w1_0
Image Classification,Offline,76.13,348.0723172,Mobilint-ARIES,inputResolution:400,resnet101_w1_0
Image Classification,Offline,63.4,3762.576604,Mobilint-ARIES,inputResolution:384,mobilenetv2_w1_0
Image Classification,Offline,73.82,700.9742474,Mobilint-ARIES,inputResolution:384,resnet50_w1_0
Image Classification,Offline,76.57,408.8676873,Mobilint-ARIES,inputResolution:384,resnet101_w1_0
Image Classification,Offline,63.32,4619.847465,Mobilint-ARIES,inputResolution:368,mobilenetv2_w1_0
Image Classification,Offline,73.93,734.6572608,Mobilint-ARIES,inputResolution:368,resnet50_w1_0
Image Classification,Offline,76.79,412.8096399,Mobilint-ARIES,inputResolution:368,resnet101_w1_0
Image Classification,Offline,64.09,3990.920032,Mobilint-ARIES,inputResolution:352,mobilenetv2_w1_0
Image Classification,Offline,75.0,886.7088762,Mobilint-ARIES,inputResolution:352,resnet50_w1_0
Image Classification,Offline,76.99,472.0505381,Mobilint-ARIES,inputResolution:352,resnet101_w1_0
Image Classification,Offline,64.33,4138.38082,Mobilint-ARIES,inputResolution:336,mobilenetv2_w1_0
Image Classification,Offline,74.91,991.5027985,Mobilint-ARIES,inputResolution:336,resnet50_w1_0
Image Classification,Offline,77.28,564.8689704,Mobilint-ARIES,inputResolution:336,resnet101_w1_0
Image Classification,Offline,65.31,4882.486168,Mobilint-ARIES,inputResolution:320,mobilenetv2_w1_0
Image Classification,Offline,75.15,1082.208459,Mobilint-ARIES,inputResolution:320,resnet50_w1_0
Image Classification,Offline,77.33,610.2365479,Mobilint-ARIES,inputResolution:320,resnet101_w1_0
Image Classification,Offline,65.74,5298.663335,Mobilint-ARIES,inputResolution:304,mobilenetv2_w1_0
Image Classification,Offline,75.49,1130.008426,Mobilint-ARIES,inputResolution:304,resnet50_w1_0
Image Classification,Offline,77.52,644.0368806,Mobilint-ARIES,inputResolution:304,resnet101_w1_0
Image Classification,Offline,66.72,5512.334316,Mobilint-ARIES,inputResolution:288,mobilenetv2_w1_0
Image Classification,Offline,75.64,1167.938453,Mobilint-ARIES,inputResolution:288,resnet50_w1_0
Image Classification,Offline,77.88,673.0617919,Mobilint-ARIES,inputResolution:288,resnet101_w1_0
Image Classification,Offline,66.06,6923.729987,Mobilint-ARIES,inputResolution:272,mobilenetv2_w1_0
Image Classification,Offline,75.65,1258.56421,Mobilint-ARIES,inputResolution:272,resnet50_w1_0
Image Classification,Offline,77.88,690.3017751,Mobilint-ARIES,inputResolution:272,resnet101_w1_0
Image Classification,Offline,66.55,6070.965672,Mobilint-ARIES,inputResolution:256,mobilenetv2_w1_0
Image Classification,Offline,75.78,1604.843652,Mobilint-ARIES,inputResolution:256,resnet50_w1_0
Image Classification,Offline,77.76,1070.267237,Mobilint-ARIES,inputResolution:256,resnet101_w1_0
Image Classification,Offline,66.14,7001.049578,Mobilint-ARIES,inputResolution:240,mobilenetv2_w1_0
Image Classification,Offline,75.59,1715.770567,Mobilint-ARIES,inputResolution:240,resnet50_w1_0
Image Classification,Offline,77.99,1120.783969,Mobilint-ARIES,inputResolution:240,resnet101_w1_0
Image Classification,Offline,67.57,7152.899231,Mobilint-ARIES,inputResolution:224,mobilenetv2_w1_0
Image Classification,Offline,76.83,1823.919917,Mobilint-ARIES,inputResolution:224,resnet50_w1_0
Image Classification,Offline,79.24,1178.529828,Mobilint-ARIES,inputResolution:224,resnet101_w1_0
Image Classification,Offline,64.72,9121.491347,Mobilint-ARIES,inputResolution:208,mobilenetv2_w1_0
Image Classification,Offline,75.32,1933.675122,Mobilint-ARIES,inputResolution:208,resnet50_w1_0
Image Classification,Offline,77.48,1213.096079,Mobilint-ARIES,inputResolution:208,resnet101_w1_0
Image Classification,Offline,64.67,8615.7411,Mobilint-ARIES,inputResolution:192,mobilenetv2_w1_0
Image Classification,Offline,74.45,1922.025337,Mobilint-ARIES,inputResolution:192,resnet50_w1_0
Image Classification,Offline,76.62,1208.019378,Mobilint-ARIES,inputResolution:192,resnet101_w1_0
Image Classification,Offline,63.19,9333.998444,Mobilint-ARIES,inputResolution:176,mobilenetv2_w1_0
Image Classification,Offline,73.33,2103.977201,Mobilint-ARIES,inputResolution:176,resnet50_w1_0
Image Classification,Offline,76.06,1281.114031,Mobilint-ARIES,inputResolution:176,resnet101_w1_0
Image Classification,Offline,61.07,10882.80887,Mobilint-ARIES,inputResolution:160,mobilenetv2_w1_0
Image Classification,Offline,72.14,2215.07144,Mobilint-ARIES,inputResolution:160,resnet50_w1_0
Image Classification,Offline,74.63,1314.261683,Mobilint-ARIES,inputResolution:160,resnet101_w1_0
Image Classification,Offline,57.82,10701.83237,Mobilint-ARIES,inputResolution:144,mobilenetv2_w1_0
Image Classification,Offline,69.96,2224.282691,Mobilint-ARIES,inputResolution:144,resnet50_w1_0
Image Classification,Offline,72.75,1329.822162,Mobilint-ARIES,inputResolution:144,resnet101_w1_0
Image Classification,Offline,53.73,11101.41917,Mobilint-ARIES,inputResolution:128,mobilenetv2_w1_0
Image Classification,Offline,66.49,2277.254456,Mobilint-ARIES,inputResolution:128,resnet50_w1_0
Image Classification,Offline,69.99,1348.034467,Mobilint-ARIES,inputResolution:128,resnet101_w1_0
Image Classification,Offline,47.98,12163.27005,Mobilint-ARIES,inputResolution:112,mobilenetv2_w1_0
Image Classification,Offline,62.3,2318.298535,Mobilint-ARIES,inputResolution:112,resnet50_w1_0
Image Classification,Offline,64.71,1358.699838,Mobilint-ARIES,inputResolution:112,resnet101_w1_0
Image Classification,Offline,38.69,12753.23107,Mobilint-ARIES,inputResolution:96,mobilenetv2_w1_0
Image Classification,Offline,53.95,2354.778039,Mobilint-ARIES,inputResolution:96,resnet50_w1_0
Image Classification,Offline,56.65,1374.156849,Mobilint-ARIES,inputResolution:96,resnet101_w1_0
Image Classification,Offline,29.21,13689.27527,Mobilint-ARIES,inputResolution:80,mobilenetv2_w1_0
Image Classification,Offline,43.89,2388.788868,Mobilint-ARIES,inputResolution:80,resnet50_w1_0
Image Classification,Offline,46.6,1379.166619,Mobilint-ARIES,inputResolution:80,resnet101_w1_0
Image Classification,Offline,16.21,14013.40272,Mobilint-ARIES,inputResolution:64,mobilenetv2_w1_0
Image Classification,Offline,28.74,2404.842723,Mobilint-ARIES,inputResolution:64,resnet50_w1_0
Image Classification,Offline,31.38,1386.451448,Mobilint-ARIES,inputResolution:64,resnet101_w1_0
Image Classification,Offline,6.63,14019.18874,Mobilint-ARIES,inputResolution:48,mobilenetv2_w1_0
Image Classification,Offline,13.73,2406.721668,Mobilint-ARIES,inputResolution:48,resnet50_w1_0
Image Classification,Offline,15.92,1387.366539,Mobilint-ARIES,inputResolution:48,resnet101_w1_0
Image Classification,Offline,74.2,169.279212,Apple M4 ANE,inputResolution:448,resnet101_w1_0
Image Classification,Offline,72.07,268.4843721,Apple M4 ANE,inputResolution:448,resnet50_w1_0
Image Classification,Offline,59.45,631.9857473,Apple M4 ANE,inputResolution:448,mobilenetv2_w1_0
Image Classification,Offline,74.81,170.7815268,Apple M4 ANE,inputResolution:432,resnet101_w1_0
Image Classification,Offline,72.58,272.2689108,Apple M4 ANE,inputResolution:432,resnet50_w1_0
Image Classification,Offline,59.49,655.8145833,Apple M4 ANE,inputResolution:432,mobilenetv2_w1_0
Image Classification,Offline,75.52,177.6581136,Apple M4 ANE,inputResolution:416,resnet101_w1_0
Image Classification,Offline,73.2,286.6545049,Apple M4 ANE,inputResolution:416,resnet50_w1_0
Image Classification,Offline,61.15,722.3438338,Apple M4 ANE,inputResolution:416,mobilenetv2_w1_0
Image Classification,Offline,76.03,177.4002259,Apple M4 ANE,inputResolution:400,resnet101_w1_0
Image Classification,Offline,73.44,287.7129384,Apple M4 ANE,inputResolution:400,resnet50_w1_0
Image Classification,Offline,61.62,743.9515818,Apple M4 ANE,inputResolution:400,mobilenetv2_w1_0
Image Classification,Offline,76.36,221.8220758,Apple M4 ANE,inputResolution:384,resnet101_w1_0
Image Classification,Offline,74.22,348.820189,Apple M4 ANE,inputResolution:384,resnet50_w1_0
Image Classification,Offline,63.25,835.9498703,Apple M4 ANE,inputResolution:384,mobilenetv2_w1_0
Image Classification,Offline,76.91,219.3297504,Apple M4 ANE,inputResolution:368,resnet101_w1_0
Image Classification,Offline,74.29,344.9471988,Apple M4 ANE,inputResolution:368,resnet50_w1_0
Image Classification,Offline,63.62,890.5494995,Apple M4 ANE,inputResolution:368,mobilenetv2_w1_0
Image Classification,Offline,76.95,229.8298253,Apple M4 ANE,inputResolution:352,resnet101_w1_0
Image Classification,Offline,75.17,368.6815072,Apple M4 ANE,inputResolution:352,resnet50_w1_0
Image Classification,Offline,65.06,996.7817343,Apple M4 ANE,inputResolution:352,mobilenetv2_w1_0
Image Classification,Offline,77.46,217.8614789,Apple M4 ANE,inputResolution:336,resnet101_w1_0
Image Classification,Offline,75.04,360.8083476,Apple M4 ANE,inputResolution:336,resnet50_w1_0
Image Classification,Offline,64.65,1032.024465,Apple M4 ANE,inputResolution:336,mobilenetv2_w1_0
Image Classification,Offline,77.54,270.6651234,Apple M4 ANE,inputResolution:320,resnet101_w1_0
Image Classification,Offline,75.36,435.261014,Apple M4 ANE,inputResolution:320,resnet50_w1_0
Image Classification,Offline,65.74,1239.684633,Apple M4 ANE,inputResolution:320,mobilenetv2_w1_0
Image Classification,Offline,77.81,287.4895505,Apple M4 ANE,inputResolution:304,resnet101_w1_0
Image Classification,Offline,75.46,450.0306761,Apple M4 ANE,inputResolution:304,resnet50_w1_0
Image Classification,Offline,66.25,1314.286198,Apple M4 ANE,inputResolution:304,mobilenetv2_w1_0
Image Classification,Offline,77.94,363.7658974,Apple M4 ANE,inputResolution:288,resnet101_w1_0
Image Classification,Offline,75.47,547.9238649,Apple M4 ANE,inputResolution:288,resnet50_w1_0
Image Classification,Offline,66.86,1494.991441,Apple M4 ANE,inputResolution:288,mobilenetv2_w1_0
Image Classification,Offline,78.02,376.9594583,Apple M4 ANE,inputResolution:272,resnet101_w1_0
Image Classification,Offline,75.78,533.3020813,Apple M4 ANE,inputResolution:272,resnet50_w1_0
Image Classification,Offline,66.49,1537.594751,Apple M4 ANE,inputResolution:272,mobilenetv2_w1_0
Image Classification,Offline,78.31,491.0260632,Apple M4 ANE,inputResolution:256,resnet101_w1_0
Image Classification,Offline,75.81,677.130474,Apple M4 ANE,inputResolution:256,resnet50_w1_0
Image Classification,Offline,67.24,1825.275112,Apple M4 ANE,inputResolution:256,mobilenetv2_w1_0
Image Classification,Offline,78.14,497.3394741,Apple M4 ANE,inputResolution:240,resnet101_w1_0
Image Classification,Offline,75.81,688.3122974,Apple M4 ANE,inputResolution:240,resnet50_w1_0
Image Classification,Offline,66.64,2040.565301,Apple M4 ANE,inputResolution:240,mobilenetv2_w1_0
Image Classification,Offline,79.22,550.0132686,Apple M4 ANE,inputResolution:224,resnet101_w1_0
Image Classification,Offline,76.91,797.7809274,Apple M4 ANE,inputResolution:224,resnet50_w1_0
Image Classification,Offline,68.18,2223.391483,Apple M4 ANE,inputResolution:224,mobilenetv2_w1_0
Image Classification,Offline,77.69,556.1069619,Apple M4 ANE,inputResolution:208,resnet101_w1_0
Image Classification,Offline,75.52,809.4370912,Apple M4 ANE,inputResolution:208,resnet50_w1_0
Image Classification,Offline,65.47,2439.611601,Apple M4 ANE,inputResolution:208,mobilenetv2_w1_0
Image Classification,Offline,76.89,581.4365622,Apple M4 ANE,inputResolution:192,resnet101_w1_0
Image Classification,Offline,74.78,864.6088981,Apple M4 ANE,inputResolution:192,resnet50_w1_0
Image Classification,Offline,64.86,2719.137716,Apple M4 ANE,inputResolution:192,mobilenetv2_w1_0
Image Classification,Offline,76.36,584.2130101,Apple M4 ANE,inputResolution:176,resnet101_w1_0
Image Classification,Offline,73.54,873.2516445,Apple M4 ANE,inputResolution:176,resnet50_w1_0
Image Classification,Offline,64.02,2775.336768,Apple M4 ANE,inputResolution:176,mobilenetv2_w1_0
Image Classification,Offline,75.08,614.5351112,Apple M4 ANE,inputResolution:160,resnet101_w1_0
Image Classification,Offline,72.39,941.2107943,Apple M4 ANE,inputResolution:160,resnet50_w1_0
Image Classification,Offline,61.88,3057.909037,Apple M4 ANE,inputResolution:160,mobilenetv2_w1_0
Image Classification,Offline,72.72,626.2934678,Apple M4 ANE,inputResolution:144,resnet101_w1_0
Image Classification,Offline,70.18,965.4221093,Apple M4 ANE,inputResolution:144,resnet50_w1_0
Image Classification,Offline,58.76,3139.938895,Apple M4 ANE,inputResolution:144,mobilenetv2_w1_0
Image Classification,Offline,69.8,648.6771554,Apple M4 ANE,inputResolution:128,resnet101_w1_0
Image Classification,Offline,66.9,1020.07902,Apple M4 ANE,inputResolution:128,resnet50_w1_0
Image Classification,Offline,54.4,3529.966838,Apple M4 ANE,inputResolution:128,mobilenetv2_w1_0
Image Classification,Offline,65.32,651.7557649,Apple M4 ANE,inputResolution:112,resnet101_w1_0
Image Classification,Offline,62.48,1031.439981,Apple M4 ANE,inputResolution:112,resnet50_w1_0
Image Classification,Offline,48.88,3698.263987,Apple M4 ANE,inputResolution:112,mobilenetv2_w1_0
Image Classification,Offline,56.84,658.7389465,Apple M4 ANE,inputResolution:96,resnet101_w1_0
Image Classification,Offline,54.12,1044.018185,Apple M4 ANE,inputResolution:96,resnet50_w1_0
Image Classification,Offline,39.72,3979.766985,Apple M4 ANE,inputResolution:96,mobilenetv2_w1_0
Image Classification,Offline,46.81,662.9431931,Apple M4 ANE,inputResolution:80,resnet101_w1_0
Image Classification,Offline,43.77,1058.887834,Apple M4 ANE,inputResolution:80,resnet50_w1_0
Image Classification,Offline,29.54,4050.605595,Apple M4 ANE,inputResolution:80,mobilenetv2_w1_0
Image Classification,Offline,31.84,665.6243046,Apple M4 ANE,inputResolution:64,resnet101_w1_0
Image Classification,Offline,29.18,1063.595145,Apple M4 ANE,inputResolution:64,resnet50_w1_0
Image Classification,Offline,16.79,4525.385012,Apple M4 ANE,inputResolution:64,mobilenetv2_w1_0
Image Classification,Offline,16.06,664.1440122,Apple M4 ANE,inputResolution:48,resnet101_w1_0
Image Classification,Offline,14.04,1069.762227,Apple M4 ANE,inputResolution:48,resnet50_w1_0
Image Classification,Offline,6.86,4703.559832,Apple M4 ANE,inputResolution:48,mobilenetv2_w1_0
Image Classification,Offline,74.21,8.81788361,Apple M4 CPU,inputResolution:448,resnet101_w1_0
Image Classification,Offline,72.05,16.79883343,Apple M4 CPU,inputResolution:448,resnet50_w1_0
Image Classification,Offline,59.46,129.8966948,Apple M4 CPU,inputResolution:448,mobilenetv2_w1_0
Image Classification,Offline,74.86,9.299826335,Apple M4 CPU,inputResolution:432,resnet101_w1_0
Image Classification,Offline,72.64,17.76895404,Apple M4 CPU,inputResolution:432,resnet50_w1_0
Image Classification,Offline,59.54,136.4947131,Apple M4 CPU,inputResolution:432,mobilenetv2_w1_0
Image Classification,Offline,75.53,10.10560037,Apple M4 CPU,inputResolution:416,resnet101_w1_0
Image Classification,Offline,73.21,19.15745046,Apple M4 CPU,inputResolution:416,resnet50_w1_0
Image Classification,Offline,61.12,148.4810122,Apple M4 CPU,inputResolution:416,mobilenetv2_w1_0
Image Classification,Offline,76.07,11.00448976,Apple M4 CPU,inputResolution:400,resnet101_w1_0
Image Classification,Offline,73.46,20.47974376,Apple M4 CPU,inputResolution:400,resnet50_w1_0
Image Classification,Offline,61.6,158.6038239,Apple M4 CPU,inputResolution:400,mobilenetv2_w1_0
Image Classification,Offline,76.37,12.38409941,Apple M4 CPU,inputResolution:384,resnet101_w1_0
Image Classification,Offline,74.22,22.92527805,Apple M4 CPU,inputResolution:384,resnet50_w1_0
Image Classification,Offline,63.23,173.8050344,Apple M4 CPU,inputResolution:384,mobilenetv2_w1_0
Image Classification,Offline,76.91,12.82736297,Apple M4 CPU,inputResolution:368,resnet101_w1_0
Image Classification,Offline,74.25,24.16421592,Apple M4 CPU,inputResolution:368,resnet50_w1_0
Image Classification,Offline,63.57,184.9294945,Apple M4 CPU,inputResolution:368,mobilenetv2_w1_0
Image Classification,Offline,76.95,14.47200863,Apple M4 CPU,inputResolution:352,resnet101_w1_0
Image Classification,Offline,75.17,27.35076125,Apple M4 CPU,inputResolution:352,resnet50_w1_0
Image Classification,Offline,65.04,203.8971249,Apple M4 CPU,inputResolution:352,mobilenetv2_w1_0
Image Classification,Offline,77.49,15.38029522,Apple M4 CPU,inputResolution:336,resnet101_w1_0
Image Classification,Offline,75.02,29.3810261,Apple M4 CPU,inputResolution:336,resnet50_w1_0
Image Classification,Offline,64.63,223.2165902,Apple M4 CPU,inputResolution:336,mobilenetv2_w1_0
Image Classification,Offline,77.53,17.55257441,Apple M4 CPU,inputResolution:320,resnet101_w1_0
Image Classification,Offline,75.32,33.2699502,Apple M4 CPU,inputResolution:320,resnet50_w1_0
Image Classification,Offline,65.69,248.696822,Apple M4 CPU,inputResolution:320,mobilenetv2_w1_0
Image Classification,Offline,77.86,18.6155226,Apple M4 CPU,inputResolution:304,resnet101_w1_0
Image Classification,Offline,75.49,34.9769685,Apple M4 CPU,inputResolution:304,resnet50_w1_0
Image Classification,Offline,66.2,267.7781221,Apple M4 CPU,inputResolution:304,mobilenetv2_w1_0
Image Classification,Offline,77.95,20.77397015,Apple M4 CPU,inputResolution:288,resnet101_w1_0
Image Classification,Offline,75.47,39.68991584,Apple M4 CPU,inputResolution:288,resnet50_w1_0
Image Classification,Offline,66.86,298.2734862,Apple M4 CPU,inputResolution:288,mobilenetv2_w1_0
Image Classification,Offline,78.03,22.84366252,Apple M4 CPU,inputResolution:272,resnet101_w1_0
Image Classification,Offline,75.8,43.24306638,Apple M4 CPU,inputResolution:272,resnet50_w1_0
Image Classification,Offline,66.52,326.1045266,Apple M4 CPU,inputResolution:272,mobilenetv2_w1_0
Image Classification,Offline,78.33,26.7018843,Apple M4 CPU,inputResolution:256,resnet101_w1_0
Image Classification,Offline,75.82,51.35024528,Apple M4 CPU,inputResolution:256,resnet50_w1_0
Image Classification,Offline,67.15,382.1999365,Apple M4 CPU,inputResolution:256,mobilenetv2_w1_0
Image Classification,Offline,78.16,27.7212161,Apple M4 CPU,inputResolution:240,resnet101_w1_0
Image Classification,Offline,75.81,54.53022191,Apple M4 CPU,inputResolution:240,resnet50_w1_0
Image Classification,Offline,66.68,415.1126396,Apple M4 CPU,inputResolution:240,mobilenetv2_w1_0
Image Classification,Offline,79.21,32.12077662,Apple M4 CPU,inputResolution:224,resnet101_w1_0
Image Classification,Offline,76.88,62.48417116,Apple M4 CPU,inputResolution:224,resnet50_w1_0
Image Classification,Offline,68.22,470.7263395,Apple M4 CPU,inputResolution:224,mobilenetv2_w1_0
Image Classification,Offline,77.71,36.00706595,Apple M4 CPU,inputResolution:208,resnet101_w1_0
Image Classification,Offline,75.54,69.239505,Apple M4 CPU,inputResolution:208,resnet50_w1_0
Image Classification,Offline,65.41,521.1279096,Apple M4 CPU,inputResolution:208,mobilenetv2_w1_0
Image Classification,Offline,76.92,44.91202919,Apple M4 CPU,inputResolution:192,resnet101_w1_0
Image Classification,Offline,74.79,85.1247031,Apple M4 CPU,inputResolution:192,resnet50_w1_0
Image Classification,Offline,64.82,619.7067878,Apple M4 CPU,inputResolution:192,mobilenetv2_w1_0
Image Classification,Offline,76.34,50.41064867,Apple M4 CPU,inputResolution:176,resnet101_w1_0
Image Classification,Offline,73.53,94.79933227,Apple M4 CPU,inputResolution:176,resnet50_w1_0
Image Classification,Offline,64.02,696.170124,Apple M4 CPU,inputResolution:176,mobilenetv2_w1_0
Image Classification,Offline,75.09,61.71560729,Apple M4 CPU,inputResolution:160,resnet101_w1_0
Image Classification,Offline,72.4,116.2290126,Apple M4 CPU,inputResolution:160,resnet50_w1_0
Image Classification,Offline,61.85,837.1842941,Apple M4 CPU,inputResolution:160,mobilenetv2_w1_0
Image Classification,Offline,72.72,70.64830323,Apple M4 CPU,inputResolution:144,resnet101_w1_0
Image Classification,Offline,70.19,132.0602396,Apple M4 CPU,inputResolution:144,resnet50_w1_0
Image Classification,Offline,58.76,933.3940305,Apple M4 CPU,inputResolution:144,mobilenetv2_w1_0
Image Classification,Offline,69.79,100.5947831,Apple M4 CPU,inputResolution:128,resnet101_w1_0
Image Classification,Offline,66.87,188.8896521,Apple M4 CPU,inputResolution:128,resnet50_w1_0
Image Classification,Offline,54.45,1219.865118,Apple M4 CPU,inputResolution:128,mobilenetv2_w1_0
Image Classification,Offline,65.36,110.6095497,Apple M4 CPU,inputResolution:112,resnet101_w1_0
Image Classification,Offline,62.46,216.0686871,Apple M4 CPU,inputResolution:112,resnet50_w1_0
Image Classification,Offline,48.95,1372.224903,Apple M4 CPU,inputResolution:112,mobilenetv2_w1_0
Image Classification,Offline,56.85,142.6769209,Apple M4 CPU,inputResolution:96,resnet101_w1_0
Image Classification,Offline,54.12,270.9007551,Apple M4 CPU,inputResolution:96,resnet50_w1_0
Image Classification,Offline,39.67,1678.068356,Apple M4 CPU,inputResolution:96,mobilenetv2_w1_0
Image Classification,Offline,46.83,175.3199074,Apple M4 CPU,inputResolution:80,resnet101_w1_0
Image Classification,Offline,43.82,327.6700155,Apple M4 CPU,inputResolution:80,resnet50_w1_0
Image Classification,Offline,29.53,1985.072494,Apple M4 CPU,inputResolution:80,mobilenetv2_w1_0
Image Classification,Offline,31.73,285.1789779,Apple M4 CPU,inputResolution:64,resnet101_w1_0
Image Classification,Offline,29.2,497.5577499,Apple M4 CPU,inputResolution:64,resnet50_w1_0
Image Classification,Offline,16.8,2712.780515,Apple M4 CPU,inputResolution:64,mobilenetv2_w1_0
Image Classification,Offline,16.08,310.4584659,Apple M4 CPU,inputResolution:48,resnet101_w1_0
Image Classification,Offline,14.06,563.3867335,Apple M4 CPU,inputResolution:48,resnet50_w1_0
Image Classification,Offline,6.87,3118.24675,Apple M4 CPU,inputResolution:48,mobilenetv2_w1_0
Image Classification,Offline,75.13,78.23995024,Qualcomm QCS6490,inputResolution:448,resnet101_w1_0
Image Classification,Offline,72.57,124.9951631,Qualcomm QCS6490,inputResolution:448,resnet50_w1_0
Image Classification,Offline,61.3,373.3335598,Qualcomm QCS6490,inputResolution:448,mobilenetv2_w1_0
Image Classification,Offline,75.4,78.2478745,Qualcomm QCS6490,inputResolution:432,resnet101_w1_0
Image Classification,Offline,72.85,115.3108721,Qualcomm QCS6490,inputResolution:432,resnet50_w1_0
Image Classification,Offline,61.07,389.5864476,Qualcomm QCS6490,inputResolution:432,mobilenetv2_w1_0
Image Classification,Offline,75.86,79.56354302,Qualcomm QCS6490,inputResolution:416,resnet101_w1_0
Image Classification,Offline,73.39,133.6171582,Qualcomm QCS6490,inputResolution:416,resnet50_w1_0
Image Classification,Offline,62.49,399.6501799,Qualcomm QCS6490,inputResolution:416,mobilenetv2_w1_0
Image Classification,Offline,76.68,79.89182059,Qualcomm QCS6490,inputResolution:400,resnet101_w1_0
Image Classification,Offline,73.41,131.0582088,Qualcomm QCS6490,inputResolution:400,resnet50_w1_0
Image Classification,Offline,62.9,420.597728,Qualcomm QCS6490,inputResolution:400,mobilenetv2_w1_0
Image Classification,Offline,76.93,115.5778036,Qualcomm QCS6490,inputResolution:384,resnet101_w1_0
Image Classification,Offline,74.24,177.6384079,Qualcomm QCS6490,inputResolution:384,resnet50_w1_0
Image Classification,Offline,64.13,481.544667,Qualcomm QCS6490,inputResolution:384,mobilenetv2_w1_0
Image Classification,Offline,77.42,116.3812283,Qualcomm QCS6490,inputResolution:368,resnet101_w1_0
Image Classification,Offline,74.47,182.3256774,Qualcomm QCS6490,inputResolution:368,resnet50_w1_0
Image Classification,Offline,64.17,458.4678771,Qualcomm QCS6490,inputResolution:368,mobilenetv2_w1_0
Image Classification,Offline,77.34,120.2324998,Qualcomm QCS6490,inputResolution:352,resnet101_w1_0
Image Classification,Offline,74.97,191.3517159,Qualcomm QCS6490,inputResolution:352,resnet50_w1_0
Image Classification,Offline,65.33,513.124492,Qualcomm QCS6490,inputResolution:352,mobilenetv2_w1_0
Image Classification,Offline,77.66,117.6471014,Qualcomm QCS6490,inputResolution:336,resnet101_w1_0
Image Classification,Offline,74.6,178.6698101,Qualcomm QCS6490,inputResolution:336,resnet50_w1_0
Image Classification,Offline,64.92,556.0971121,Qualcomm QCS6490,inputResolution:336,mobilenetv2_w1_0
Image Classification,Offline,77.97,131.666773,Qualcomm QCS6490,inputResolution:320,resnet101_w1_0
Image Classification,Offline,75.54,206.546419,Qualcomm QCS6490,inputResolution:320,resnet50_w1_0
Image Classification,Offline,66.03,571.7977738,Qualcomm QCS6490,inputResolution:320,mobilenetv2_w1_0
Image Classification,Offline,77.87,130.3357717,Qualcomm QCS6490,inputResolution:304,resnet101_w1_0
Image Classification,Offline,75.42,207.9750978,Qualcomm QCS6490,inputResolution:304,resnet50_w1_0
Image Classification,Offline,66.25,610.9196842,Qualcomm QCS6490,inputResolution:304,mobilenetv2_w1_0
Image Classification,Offline,78.22,136.6994998,Qualcomm QCS6490,inputResolution:288,resnet101_w1_0
Image Classification,Offline,75.67,224.8773461,Qualcomm QCS6490,inputResolution:288,resnet50_w1_0
Image Classification,Offline,67.05,671.1794526,Qualcomm QCS6490,inputResolution:288,mobilenetv2_w1_0
Image Classification,Offline,78.3,140.5428492,Qualcomm QCS6490,inputResolution:272,resnet101_w1_0
Image Classification,Offline,75.87,232.3390302,Qualcomm QCS6490,inputResolution:272,resnet50_w1_0
Image Classification,Offline,66.32,674.7776972,Qualcomm QCS6490,inputResolution:272,mobilenetv2_w1_0
Image Classification,Offline,78.41,205.8402315,Qualcomm QCS6490,inputResolution:256,resnet101_w1_0
Image Classification,Offline,75.75,308.9269113,Qualcomm QCS6490,inputResolution:256,resnet50_w1_0
Image Classification,Offline,67.12,745.7361442,Qualcomm QCS6490,inputResolution:256,mobilenetv2_w1_0
Image Classification,Offline,78.37,225.4091046,Qualcomm QCS6490,inputResolution:240,resnet101_w1_0
Image Classification,Offline,75.77,329.9604404,Qualcomm QCS6490,inputResolution:240,resnet50_w1_0
Image Classification,Offline,66.63,851.1592018,Qualcomm QCS6490,inputResolution:240,mobilenetv2_w1_0
Image Classification,Offline,79.26,220.3448044,Qualcomm QCS6490,inputResolution:224,resnet101_w1_0
Image Classification,Offline,76.62,329.2726265,Qualcomm QCS6490,inputResolution:224,resnet50_w1_0
Image Classification,Offline,68.14,814.9153347,Qualcomm QCS6490,inputResolution:224,mobilenetv2_w1_0
Image Classification,Offline,77.75,241.9636477,Qualcomm QCS6490,inputResolution:208,resnet101_w1_0
Image Classification,Offline,75.07,357.018697,Qualcomm QCS6490,inputResolution:208,resnet50_w1_0
Image Classification,Offline,65.31,972.2626448,Qualcomm QCS6490,inputResolution:208,mobilenetv2_w1_0
Image Classification,Offline,76.91,251.9534931,Qualcomm QCS6490,inputResolution:192,resnet101_w1_0
Image Classification,Offline,74.54,403.7432449,Qualcomm QCS6490,inputResolution:192,resnet50_w1_0
Image Classification,Offline,64.89,1037.370436,Qualcomm QCS6490,inputResolution:192,mobilenetv2_w1_0
Image Classification,Offline,76.26,249.4357346,Qualcomm QCS6490,inputResolution:176,resnet101_w1_0
Image Classification,Offline,73.29,390.9086304,Qualcomm QCS6490,inputResolution:176,resnet50_w1_0
Image Classification,Offline,64.17,1050.776028,Qualcomm QCS6490,inputResolution:176,mobilenetv2_w1_0
Image Classification,Offline,74.66,250.6932305,Qualcomm QCS6490,inputResolution:160,resnet101_w1_0
Image Classification,Offline,72.04,397.5774937,Qualcomm QCS6490,inputResolution:160,resnet50_w1_0
Image Classification,Offline,61.43,1005.870142,Qualcomm QCS6490,inputResolution:160,mobilenetv2_w1_0
Image Classification,Offline,72.6,182.0797023,Qualcomm QCS6490,inputResolution:144,resnet101_w1_0
Image Classification,Offline,69.97,291.5557471,Qualcomm QCS6490,inputResolution:144,resnet50_w1_0
Image Classification,Offline,58.44,638.7313384,Qualcomm QCS6490,inputResolution:144,mobilenetv2_w1_0
Image Classification,Offline,69.74,208.0611145,Qualcomm QCS6490,inputResolution:128,resnet101_w1_0
Image Classification,Offline,66.41,309.2967585,Qualcomm QCS6490,inputResolution:128,resnet50_w1_0
Image Classification,Offline,54.08,682.8910818,Qualcomm QCS6490,inputResolution:128,mobilenetv2_w1_0
Image Classification,Offline,65.02,207.4252043,Qualcomm QCS6490,inputResolution:112,resnet101_w1_0
Image Classification,Offline,62.33,296.4150191,Qualcomm QCS6490,inputResolution:112,resnet50_w1_0
Image Classification,Offline,48.09,601.7427525,Qualcomm QCS6490,inputResolution:112,mobilenetv2_w1_0
Image Classification,Offline,56.76,205.3554703,Qualcomm QCS6490,inputResolution:96,resnet101_w1_0
Image Classification,Offline,54.09,309.1056327,Qualcomm QCS6490,inputResolution:96,resnet50_w1_0
Image Classification,Offline,39.36,665.1312323,Qualcomm QCS6490,inputResolution:96,mobilenetv2_w1_0
Image Classification,Offline,46.76,210.6379716,Qualcomm QCS6490,inputResolution:80,resnet101_w1_0
Image Classification,Offline,43.72,306.109658,Qualcomm QCS6490,inputResolution:80,resnet50_w1_0
Image Classification,Offline,29.37,620.2897481,Qualcomm QCS6490,inputResolution:80,mobilenetv2_w1_0
Image Classification,Offline,31.49,214.5907938,Qualcomm QCS6490,inputResolution:64,resnet101_w1_0
Image Classification,Offline,28.94,314.1551162,Qualcomm QCS6490,inputResolution:64,resnet50_w1_0
Image Classification,Offline,16.4,628.8789989,Qualcomm QCS6490,inputResolution:64,mobilenetv2_w1_0
Image Classification,Offline,15.94,213.8529993,Qualcomm QCS6490,inputResolution:48,resnet101_w1_0
Image Classification,Offline,13.72,314.4853619,Qualcomm QCS6490,inputResolution:48,resnet50_w1_0
Image Classification,Offline,6.84,703.6891924,Qualcomm QCS6490,inputResolution:48,mobilenetv2_w1_0
Image Classification,Offline,74.21,388.8672004,RTX PRO 6000 Max-Q,inputResolution:448,resnet101_w1_0
Image Classification,Offline,72.05,550.9599579,RTX PRO 6000 Max-Q,inputResolution:448,resnet50_w1_0
Image Classification,Offline,59.46,1004.692149,RTX PRO 6000 Max-Q,inputResolution:448,mobilenetv2_w1_0
Image Classification,Offline,74.86,421.5256887,RTX PRO 6000 Max-Q,inputResolution:432,resnet101_w1_0
Image Classification,Offline,72.64,621.8474394,RTX PRO 6000 Max-Q,inputResolution:432,resnet50_w1_0
Image Classification,Offline,59.54,1247.574005,RTX PRO 6000 Max-Q,inputResolution:432,mobilenetv2_w1_0
Image Classification,Offline,75.53,474.1204964,RTX PRO 6000 Max-Q,inputResolution:416,resnet101_w1_0
Image Classification,Offline,73.21,686.7520314,RTX PRO 6000 Max-Q,inputResolution:416,resnet50_w1_0
Image Classification,Offline,61.12,1357.114863,RTX PRO 6000 Max-Q,inputResolution:416,mobilenetv2_w1_0
Image Classification,Offline,76.07,495.7116883,RTX PRO 6000 Max-Q,inputResolution:400,resnet101_w1_0
Image Classification,Offline,73.46,709.277209,RTX PRO 6000 Max-Q,inputResolution:400,resnet50_w1_0
Image Classification,Offline,61.6,1454.311734,RTX PRO 6000 Max-Q,inputResolution:400,mobilenetv2_w1_0
Image Classification,Offline,76.37,523.3456113,RTX PRO 6000 Max-Q,inputResolution:384,resnet101_w1_0
Image Classification,Offline,74.22,713.8107623,RTX PRO 6000 Max-Q,inputResolution:384,resnet50_w1_0
Image Classification,Offline,63.23,1245.425769,RTX PRO 6000 Max-Q,inputResolution:384,mobilenetv2_w1_0
Image Classification,Offline,76.91,572.9012005,RTX PRO 6000 Max-Q,inputResolution:368,resnet101_w1_0
Image Classification,Offline,74.25,816.6238513,RTX PRO 6000 Max-Q,inputResolution:368,resnet50_w1_0
Image Classification,Offline,63.57,1525.193451,RTX PRO 6000 Max-Q,inputResolution:368,mobilenetv2_w1_0
Image Classification,Offline,76.95,628.2412723,RTX PRO 6000 Max-Q,inputResolution:352,resnet101_w1_0
Image Classification,Offline,75.17,903.6958618,RTX PRO 6000 Max-Q,inputResolution:352,resnet50_w1_0
Image Classification,Offline,65.04,1711.580038,RTX PRO 6000 Max-Q,inputResolution:352,mobilenetv2_w1_0
Image Classification,Offline,77.49,651.350417,RTX PRO 6000 Max-Q,inputResolution:336,resnet101_w1_0
Image Classification,Offline,75.02,923.1558558,RTX PRO 6000 Max-Q,inputResolution:336,resnet50_w1_0
Image Classification,Offline,64.63,1587.616534,RTX PRO 6000 Max-Q,inputResolution:336,mobilenetv2_w1_0
Image Classification,Offline,77.53,716.8536039,RTX PRO 6000 Max-Q,inputResolution:320,resnet101_w1_0
Image Classification,Offline,75.32,1013.575201,RTX PRO 6000 Max-Q,inputResolution:320,resnet50_w1_0
Image Classification,Offline,65.69,1785.070327,RTX PRO 6000 Max-Q,inputResolution:320,mobilenetv2_w1_0
Image Classification,Offline,77.86,840.4448928,RTX PRO 6000 Max-Q,inputResolution:304,resnet101_w1_0
Image Classification,Offline,75.49,1194.732803,RTX PRO 6000 Max-Q,inputResolution:304,resnet50_w1_0
Image Classification,Offline,66.2,2198.981908,RTX PRO 6000 Max-Q,inputResolution:304,mobilenetv2_w1_0
Image Classification,Offline,77.95,882.6223825,RTX PRO 6000 Max-Q,inputResolution:288,resnet101_w1_0
Image Classification,Offline,75.47,1275.729205,RTX PRO 6000 Max-Q,inputResolution:288,resnet50_w1_0
Image Classification,Offline,66.86,2270.363259,RTX PRO 6000 Max-Q,inputResolution:288,mobilenetv2_w1_0
Image Classification,Offline,78.03,1004.367483,RTX PRO 6000 Max-Q,inputResolution:272,resnet101_w1_0
Image Classification,Offline,75.8,1450.062836,RTX PRO 6000 Max-Q,inputResolution:272,resnet50_w1_0
Image Classification,Offline,66.52,2794.635415,RTX PRO 6000 Max-Q,inputResolution:272,mobilenetv2_w1_0
Image Classification,Offline,78.33,1166.562264,RTX PRO 6000 Max-Q,inputResolution:256,resnet101_w1_0
Image Classification,Offline,75.82,1648.89799,RTX PRO 6000 Max-Q,inputResolution:256,resnet50_w1_0
Image Classification,Offline,67.15,2934.255682,RTX PRO 6000 Max-Q,inputResolution:256,mobilenetv2_w1_0
Image Classification,Offline,78.16,1261.855428,RTX PRO 6000 Max-Q,inputResolution:240,resnet101_w1_0
Image Classification,Offline,75.81,1836.953571,RTX PRO 6000 Max-Q,inputResolution:240,resnet50_w1_0
Image Classification,Offline,66.68,3138.578996,RTX PRO 6000 Max-Q,inputResolution:240,mobilenetv2_w1_0
Image Classification,Offline,79.21,1352.117227,RTX PRO 6000 Max-Q,inputResolution:224,resnet101_w1_0
Image Classification,Offline,76.88,2085.586081,RTX PRO 6000 Max-Q,inputResolution:224,resnet50_w1_0
Image Classification,Offline,68.22,3623.488918,RTX PRO 6000 Max-Q,inputResolution:224,mobilenetv2_w1_0
Image Classification,Offline,77.71,1600.681933,RTX PRO 6000 Max-Q,inputResolution:208,resnet101_w1_0
Image Classification,Offline,75.54,2400.203017,RTX PRO 6000 Max-Q,inputResolution:208,resnet50_w1_0
Image Classification,Offline,65.41,4023.849592,RTX PRO 6000 Max-Q,inputResolution:208,mobilenetv2_w1_0
Image Classification,Offline,76.92,1903.729708,RTX PRO 6000 Max-Q,inputResolution:192,resnet101_w1_0
Image Classification,Offline,74.79,2946.621244,RTX PRO 6000 Max-Q,inputResolution:192,resnet50_w1_0
Image Classification,Offline,64.82,5369.409871,RTX PRO 6000 Max-Q,inputResolution:192,mobilenetv2_w1_0
Image Classification,Offline,76.34,2015.852313,RTX PRO 6000 Max-Q,inputResolution:176,resnet101_w1_0
Image Classification,Offline,73.53,3151.05737,RTX PRO 6000 Max-Q,inputResolution:176,resnet50_w1_0
Image Classification,Offline,64.02,5415.840671,RTX PRO 6000 Max-Q,inputResolution:176,mobilenetv2_w1_0
Image Classification,Offline,75.09,2234.850838,RTX PRO 6000 Max-Q,inputResolution:160,resnet101_w1_0
Image Classification,Offline,72.4,3562.686846,RTX PRO 6000 Max-Q,inputResolution:160,resnet50_w1_0
Image Classification,Offline,61.85,6295.377207,RTX PRO 6000 Max-Q,inputResolution:160,mobilenetv2_w1_0
Image Classification,Offline,72.72,2565.517686,RTX PRO 6000 Max-Q,inputResolution:144,resnet101_w1_0
Image Classification,Offline,70.19,4311.839414,RTX PRO 6000 Max-Q,inputResolution:144,resnet50_w1_0
Image Classification,Offline,58.76,8337.098652,RTX PRO 6000 Max-Q,inputResolution:144,mobilenetv2_w1_0
Image Classification,Offline,69.79,2833.755952,RTX PRO 6000 Max-Q,inputResolution:128,resnet101_w1_0
Image Classification,Offline,66.87,5101.670244,RTX PRO 6000 Max-Q,inputResolution:128,resnet50_w1_0
Image Classification,Offline,54.45,9881.790846,RTX PRO 6000 Max-Q,inputResolution:128,mobilenetv2_w1_0
Image Classification,Offline,65.36,3328.464273,RTX PRO 6000 Max-Q,inputResolution:112,resnet101_w1_0
Image Classification,Offline,62.46,5535.11034,RTX PRO 6000 Max-Q,inputResolution:112,resnet50_w1_0
Image Classification,Offline,48.95,11911.94957,RTX PRO 6000 Max-Q,inputResolution:112,mobilenetv2_w1_0
Image Classification,Offline,56.85,3654.040811,RTX PRO 6000 Max-Q,inputResolution:96,resnet101_w1_0
Image Classification,Offline,54.12,6366.788572,RTX PRO 6000 Max-Q,inputResolution:96,resnet50_w1_0
Image Classification,Offline,39.67,13528.59107,RTX PRO 6000 Max-Q,inputResolution:96,mobilenetv2_w1_0
Image Classification,Offline,46.83,3978.536861,RTX PRO 6000 Max-Q,inputResolution:80,resnet101_w1_0
Image Classification,Offline,43.82,7076.307867,RTX PRO 6000 Max-Q,inputResolution:80,resnet50_w1_0
Image Classification,Offline,29.53,16419.96694,RTX PRO 6000 Max-Q,inputResolution:80,mobilenetv2_w1_0
Image Classification,Offline,31.73,4213.94847,RTX PRO 6000 Max-Q,inputResolution:64,resnet101_w1_0
Image Classification,Offline,29.2,7699.307816,RTX PRO 6000 Max-Q,inputResolution:64,resnet50_w1_0
Image Classification,Offline,16.8,18246.18039,RTX PRO 6000 Max-Q,inputResolution:64,mobilenetv2_w1_0
Image Classification,Offline,16.08,4351.713639,RTX PRO 6000 Max-Q,inputResolution:48,resnet101_w1_0
Image Classification,Offline,14.06,8090.485073,RTX PRO 6000 Max-Q,inputResolution:48,resnet50_w1_0
Image Classification,Offline,6.87,20339.1911,RTX PRO 6000 Max-Q,inputResolution:48,mobilenetv2_w1_0
